NYSE,NASDAQ,IEX
100@153.2,0@0,0@0
100@153.2,900@153.37,0@0
2300@153.29,900@153.37,0@0
2300@153.29,3800@153.43,0@0
2300@153.29,4100@155,0@0
2300@153.29,4100@155,2500@154.15
2300@153.29,4100@155,500@155.08
1200@156.81,4100@155,500@155.08
1900@157.74,4100@155,500@155.08
1900@157.74,4100@155,1800@157.69
700@158.28,4100@155,1800@157.69
4500@156.22,4100@155,1800@157.69
4500@156.22,1600@156.63,1800@157.69
4500@156.22,1100@157.85,1800@157.69
3100@157.11,1100@157.85,1800@157.69
2600@157.47,1100@157.85,1800@157.69
400@156.5,1100@157.85,1800@157.69
200@155.93,1100@157.85,1800@157.69
4100@157.08,1100@157.85,1800@157.69
4100@157.08,2700@156.28,1800@157.69
3500@154.64,2700@156.28,1800@157.69
2600@153.69,2700@156.28,1800@157.69
800@154.52,2700@156.28,1800@157.69
200@155.23,2700@156.28,1800@157.69
4300@155.61,2700@156.28,1800@157.69
4900@154.88,2700@156.28,1800@157.69
2800@153.7,2700@156.28,1800@157.69
2800@153.7,2700@156.28,5000@152.88
1500@154.06,2700@156.28,5000@152.88
1500@154.06,4600@153.22,5000@152.88
1500@154.06,800@152.69,5000@152.88
4600@152.92,800@152.69,5000@152.88
2000@152.38,800@152.69,5000@152.88
2000@152.38,800@152.69,2900@152.5
2700@154.5,800@152.69,2900@152.5
3100@153.79,800@152.69,2900@152.5
3100@153.79,2600@154.29,2900@152.5
900@154.25,2600@154.29,2900@152.5
900@154.25,4700@155.11,2900@152.5
1800@155.24,4700@155.11,2900@152.5
1400@156.14,4700@155.11,2900@152.5
3000@157.06,4700@155.11,2900@152.5
3000@157.06,900@155.85,2900@152.5
3000@157.06,900@155.85,1100@156.83
3000@157.06,900@155.85,3000@155.2
3000@157.06,900@155.85,2300@155.73
800@154.75,900@155.85,2300@155.73
800@154.75,2800@154.77,2300@155.73
800@154.75,2800@154.77,2400@154.45
800@154.75,500@155.11,2400@154.45
800@154.75,300@154.83,2400@154.45
700@154.74,300@154.83,2400@154.45
1300@155.06,300@154.83,2400@154.45
1300@155.06,1800@154.95,2400@154.45
1300@155.06,300@153.98,2400@154.45
4800@154.42,300@153.98,2400@154.45
4800@154.42,5000@153.48,2400@154.45
4800@154.42,300@154.65,2400@154.45
3600@155.62,300@154.65,2400@154.45
3400@155.45,300@154.65,2400@154.45
3400@155.45,1000@155.54,2400@154.45
700@155.14,1000@155.54,2400@154.45
1700@154.52,1000@155.54,2400@154.45
1700@154.52,1000@155.54,3200@155.35
1700@154.52,3400@155.71,3200@155.35
3800@155.63,3400@155.71,3200@155.35
2700@154.31,3400@155.71,3200@155.35
4400@154.43,3400@155.71,3200@155.35
1900@155.14,3400@155.71,3200@155.35
1900@155.14,2300@155.58,3200@155.35
4500@154.68,2300@155.58,3200@155.35
4500@154.68,2300@155.58,2600@154.31
2900@154.01,2300@155.58,2600@154.31
800@154.37,2300@155.58,2600@154.31
300@154.18,2300@155.58,2600@154.31
3100@154.62,2300@155.58,2600@154.31
4800@154.65,2300@155.58,2600@154.31
1600@155.24,2300@155.58,2600@154.31
4500@155.58,2300@155.58,2600@154.31
3000@155.98,2300@155.58,2600@154.31
3000@155.98,4600@156.93,2600@154.31
3000@155.98,4600@156.93,3800@156.57
3000@155.98,3900@156.45,3800@156.57
3000@155.98,900@156.74,3800@156.57
2700@156.31,900@156.74,3800@156.57
4000@156.56,900@156.74,3800@156.57
4000@156.56,900@156.74,1800@155.41
4000@156.56,900@156.74,4600@154.52
3100@153.12,900@156.74,4600@154.52
3100@153.12,900@156.74,4100@152.82
400@153.25,900@156.74,4100@152.82
400@153.25,900@153.16,4100@152.82
1800@152.22,900@153.16,4100@152.82
4600@150.26,900@153.16,4100@152.82
4600@150.26,900@153.16,900@150.28
900@150.57,900@153.16,900@150.28
1400@150.86,900@153.16,900@150.28
1400@150.86,100@150.71,900@150.28
300@151.65,100@150.71,900@150.28
3600@150.47,100@150.71,900@150.28
2800@150.47,100@150.71,900@150.28
2200@150.39,100@150.71,900@150.28
2200@150.39,3500@150.44,900@150.28
800@150.13,3500@150.44,900@150.28
3300@150.28,3500@150.44,900@150.28
2000@150.84,3500@150.44,900@150.28
2000@150.84,1400@150.55,900@150.28
1200@150.33,1400@150.55,900@150.28
300@150.02,1400@150.55,900@150.28
2800@150.96,1400@150.55,900@150.28
4500@152.08,1400@150.55,900@150.28
4500@152.08,1400@150.55,4100@152.02
3200@151.27,1400@150.55,4100@152.02
3200@151.27,1400@150.55,5000@150.62
1100@150.21,1400@150.55,5000@150.62
1100@150.21,4100@150.22,5000@150.62
1100@150.21,1200@150.29,5000@150.62
1100@150.21,400@150.22,5000@150.62
1100@150.21,2600@150.18,5000@150.62
2600@150.41,2600@150.18,5000@150.62
2600@150.41,2600@150.18,3400@150.75
2600@150.41,3000@151.34,3400@150.75
3800@150.89,3000@151.34,3400@150.75
800@150.39,3000@151.34,3400@150.75
800@150.39,2500@150.87,3400@150.75
800@150.39,2800@151.24,3400@150.75
100@152.68,2800@151.24,3400@150.75
100@152.68,2800@151.24,900@154.33
300@152.99,2800@151.24,900@154.33
400@153.45,2800@151.24,900@154.33
400@153.45,2800@151.24,1600@153.22
3800@152.53,2800@151.24,1600@153.22
1400@151.57,2800@151.24,1600@153.22
1400@151.57,3500@152.44,1600@153.22
600@152.05,3500@152.44,1600@153.22
600@152.05,3500@152.44,3100@152.69
600@152.05,3500@152.44,3000@152.1
600@152.05,3500@152.44,3900@153.91
3800@153.18,3500@152.44,3900@153.91
3800@153.18,3500@152.44,1700@151.73
3800@153.18,3500@152.44,1100@152.24
1100@152.34,3500@152.44,1100@152.24
1100@152.34,3100@152.06,1100@152.24
2700@151.85,3100@152.06,1100@152.24
4700@152.21,3100@152.06,1100@152.24
4700@152.21,4600@152.03,1100@152.24
1700@151.66,4600@152.03,1100@152.24
1700@151.66,2600@152.08,1100@152.24
900@152.16,2600@152.08,1100@152.24
900@152.16,4200@152.98,1100@152.24
900@152.16,4700@153.44,1100@152.24
3900@152.17,4700@153.44,1100@152.24
3700@153.14,4700@153.44,1100@152.24
3700@153.14,4700@153.44,4700@153.64
3100@154.16,4700@153.44,4700@153.64
1800@154.56,4700@153.44,4700@153.64
4300@153.71,4700@153.44,4700@153.64
1700@153.34,4700@153.44,4700@153.64
2700@152.05,4700@153.44,4700@153.64
2700@152.05,3000@153.24,4700@153.64
4100@152.56,3000@153.24,4700@153.64
2900@153.78,3000@153.24,4700@153.64
2200@153.02,3000@153.24,4700@153.64
1300@151.87,3000@153.24,4700@153.64
1300@151.87,2100@151.43,4700@153.64
3700@152.28,2100@151.43,4700@153.64
900@152.75,2100@151.43,4700@153.64
900@152.75,4700@150.07,4700@153.64
2600@150.04,4700@150.07,4700@153.64
3400@150.79,4700@150.07,4700@153.64
4800@150.76,4700@150.07,4700@153.64
900@150.08,4700@150.07,4700@153.64
3200@150.94,4700@150.07,4700@153.64
4000@151.85,4700@150.07,4700@153.64
1200@152.58,4700@150.07,4700@153.64
1200@152.58,4700@150.07,2500@152.98
1200@152.58,2300@153.98,2500@152.98
1200@152.58,2300@153.98,2400@155.69
1200@152.58,2300@153.98,2500@155.58
2000@156.62,2300@153.98,2500@155.58
2000@156.62,2300@153.98,3500@156.79
2000@156.62,4000@157.43,3500@156.79
2000@156.62,1000@157.47,3500@156.79
2000@156.62,4500@157.7,3500@156.79
2000@156.62,900@157.61,3500@156.79
5000@157.95,900@157.61,3500@156.79
5000@157.95,2900@157.98,3500@156.79
4900@157.62,2900@157.98,3500@156.79
4900@157.62,2900@157.98,3300@158.19
4900@157.62,2900@157.98,2200@158.81
4900@157.62,4200@158.69,2200@158.81
4900@157.62,4200@158.69,4900@159.05
4800@159.99,4200@158.69,4900@159.05
4800@159.99,4700@160.33,4900@159.05
4800@159.99,4700@160.33,300@160.69
300@160.55,4700@160.33,300@160.69
300@160.55,4700@160.33,2400@161.09
300@160.55,4800@160.2,2400@161.09
5000@158.36,4800@160.2,2400@161.09
2100@157.77,4800@160.2,2400@161.09
4600@158.16,4800@160.2,2400@161.09
4600@158.16,3900@157.6,2400@161.09
4600@158.16,2400@156.94,2400@161.09
4800@157.26,2400@156.94,2400@161.09
4700@157.65,2400@156.94,2400@161.09
600@158.03,2400@156.94,2400@161.09
600@158.03,500@157.31,2400@161.09
600@158.03,4700@157.46,2400@161.09
600@157.82,4700@157.46,2400@161.09
600@157.82,2900@158,2400@161.09
600@157.82,2900@158,2900@157.93
200@158.76,2900@158,2900@157.93
200@158.76,300@158.86,2900@157.93
200@158.76,2200@158.43,2900@157.93
3900@160.02,2200@158.43,2900@157.93
3900@160.02,3000@159.09,2900@157.93
4700@159.78,3000@159.09,2900@157.93
4700@159.78,3300@159.69,2900@157.93
2600@158.94,3300@159.69,2900@157.93
2600@158.94,3300@159.69,3600@158.63
2600@158.94,3300@159.69,3800@158.75
3500@158.06,3300@159.69,3800@158.75
1500@158.54,3300@159.69,3800@158.75
100@158.2,3300@159.69,3800@158.75
100@158.2,2500@156.91,3800@158.75
4200@157.28,2500@156.91,3800@158.75
4200@157.28,4100@157.69,3800@158.75
500@157.67,4100@157.69,3800@158.75
4900@157.95,4100@157.69,3800@158.75
3400@156.61,4100@157.69,3800@158.75
2800@156.43,4100@157.69,3800@158.75
2800@156.43,2300@156.93,3800@158.75
4100@156.59,2300@156.93,3800@158.75
3900@156.81,2300@156.93,3800@158.75
4900@157.98,2300@156.93,3800@158.75
3000@157.42,2300@156.93,3800@158.75
4800@157.45,2300@156.93,3800@158.75
1300@156.59,2300@156.93,3800@158.75
1300@156.59,2300@156.93,3900@155.71
4200@154.03,2300@156.93,3900@155.71
4200@154.03,2600@153.41,3900@155.71
3800@152.07,2600@153.41,3900@155.71
400@151.4,2600@153.41,3900@155.71
400@151.4,3500@151.2,3900@155.71
400@151.4,3500@151.2,4500@150.23
400@151.4,4800@150.31,4500@150.23
400@151.4,4800@150.31,3000@152.11
400@151.4,600@152.92,3000@152.11
400@151.4,2700@153.88,3000@152.11
2300@152.92,2700@153.88,3000@152.11
2300@152.92,2700@153.88,300@152.99
900@153.22,2700@153.88,300@152.99
900@153.22,2700@153.88,3300@153.3
900@153.53,2700@153.88,3300@153.3
2300@152.09,2700@153.88,3300@153.3
3500@151.41,2700@153.88,3300@153.3
3100@150.94,2700@153.88,3300@153.3
3100@150.94,5000@151.35,3300@153.3
4500@151.74,5000@151.35,3300@153.3
4600@151.45,5000@151.35,3300@153.3
4600@151.45,100@151.26,3300@153.3
4500@151.99,100@151.26,3300@153.3
4500@151.99,2700@152.28,3300@153.3
4500@151.45,2700@152.28,3300@153.3
4200@151.74,2700@152.28,3300@153.3
1700@152.72,2700@152.28,3300@153.3
1700@152.72,1200@153.25,3300@153.3
1900@152.51,1200@153.25,3300@153.3
5000@154.3,1200@153.25,3300@153.3
5000@154.3,1200@153.25,500@154.21
5000@154.3,2400@154.61,500@154.21
5000@154.3,3300@155.38,500@154.21
4500@156.1,3300@155.38,500@154.21
200@156.87,3300@155.38,500@154.21
4900@157.43,3300@155.38,500@154.21
3300@157.52,3300@155.38,500@154.21
2800@158.25,3300@155.38,500@154.21
2800@158.25,3300@155.38,4600@157.7
100@158.7,3300@155.38,4600@157.7
1000@158.44,3300@155.38,4600@157.7
1000@158.44,3300@155.38,4400@157.46
4700@158.47,3300@155.38,4400@157.46
1800@157.54,3300@155.38,4400@157.46
4900@158.1,3300@155.38,4400@157.46
4900@158.1,2000@157.96,4400@157.46
4900@158.1,1800@157.38,4400@157.46
4900@158.1,1800@157.38,3000@156.34
4900@158.1,4000@155.37,3000@156.34
100@155.95,4000@155.37,3000@156.34
4300@155.12,4000@155.37,3000@156.34
4500@155.22,4000@155.37,3000@156.34
4500@155.22,4200@156.04,3000@156.34
4500@155.22,2600@156.59,3000@156.34
4600@155.92,2600@156.59,3000@156.34
4600@155.92,4600@156.9,3000@156.34
4600@155.92,4200@156.62,3000@156.34
4600@155.92,2200@157.04,3000@156.34
4600@155.92,300@157.18,3000@156.34
4600@155.92,300@157.18,4400@157.55
4600@155.92,4600@158.29,4400@157.55
4600@155.92,3300@158.55,4400@157.55
4600@155.92,2500@158.21,4400@157.55
4600@155.92,2500@158.21,4300@158.58
200@157.73,2500@158.21,4300@158.58
200@157.73,2500@158.21,4100@156.09
200@157.73,4900@155.67,4100@156.09
200@157.73,4900@155.67,2100@156.18
200@157.73,1700@156.91,2100@156.18
5000@157.43,1700@156.91,2100@156.18
3100@158.38,1700@156.91,2100@156.18
1000@157.8,1700@156.91,2100@156.18
1000@157.8,1700@156.91,1600@158.88
1000@157.8,1100@158.91,1600@158.88
500@158.83,1100@158.91,1600@158.88
2100@159.12,1100@158.91,1600@158.88
3200@160.88,1100@158.91,1600@158.88
3800@161.37,1100@158.91,1600@158.88
3800@161.37,1100@158.91,3100@160.7
3800@161.37,400@160.35,3100@160.7
4800@159.01,400@160.35,3100@160.7
4800@159.01,4300@158.42,3100@160.7
4800@159.01,2900@156.78,3100@160.7
1600@156.12,2900@156.78,3100@160.7
900@157.1,2900@156.78,3100@160.7
900@157.1,3700@156.85,3100@160.7
3900@157.57,3700@156.85,3100@160.7
3900@157.57,700@157.41,3100@160.7
1700@157.29,700@157.41,3100@160.7
1700@157.29,3100@155.34,3100@160.7
1700@157.29,3200@155.28,3100@160.7
800@155.29,3200@155.28,3100@160.7
2400@154.05,3200@155.28,3100@160.7
2400@154.05,3200@155.28,3100@154.47
4600@153.19,3200@155.28,3100@154.47
4600@153.19,1800@152.75,3100@154.47
4600@153.19,1800@152.75,3300@152.77
4700@154.07,1800@152.75,3300@152.77
100@154.91,1800@152.75,3300@152.77
4100@154.34,1800@152.75,3300@152.77
4100@154.34,300@155.17,3300@152.77
4100@154.34,3700@155.02,3300@152.77
4100@154.34,2600@154.82,3300@152.77
2300@154.4,2600@154.82,3300@152.77
4100@154.51,2600@154.82,3300@152.77
4100@154.51,2600@154.82,4900@153.68
4100@154.51,2600@154.82,1000@152.81
4100@154.51,4600@152.28,1000@152.81
4100@154.51,2000@153.21,1000@152.81
4100@154.51,2000@153.21,100@151.66
4100@154.51,1400@151.99,100@151.66
1000@152.68,1400@151.99,100@151.66
3100@152.37,1400@151.99,100@151.66
3100@152.37,1400@151.99,900@151.88
3100@152.37,1400@151.99,2200@151.73
3100@152.37,1400@151.99,700@153.52
3100@152.37,1400@151.99,3400@153.89
3100@152.37,2000@153.93,3400@153.89
3100@152.37,2000@153.93,2700@153.17
3100@152.37,500@154.04,2700@153.17
3100@152.37,4600@153.61,2700@153.17
3100@152.37,1700@152.67,2700@153.17
4800@152.47,1700@152.67,2700@153.17
4800@152.47,1800@152.81,2700@153.17
2800@152.98,1800@152.81,2700@153.17
2800@152.98,2600@152.89,2700@153.17
2800@152.98,2600@152.89,900@153.18
2800@152.98,3400@153,900@153.18
2800@152.98,3400@153,200@153.42
4500@153.94,3400@153,200@153.42
4500@153.94,3400@153,800@155.21
4500@153.94,4400@155.15,800@155.21
4500@153.94,800@155.25,800@155.21
4500@153.94,800@155.25,1500@154.8
4500@153.94,2100@154.81,1500@154.8
300@155.71,2100@154.81,1500@154.8
300@155.71,3500@156.12,1500@154.8
2500@155.27,3500@156.12,1500@154.8
2500@155.27,400@155.64,1500@154.8
2500@155.27,400@155.64,900@155.51
800@154.84,400@155.64,900@155.51
4000@155.68,400@155.64,900@155.51
4000@155.68,2300@155.23,900@155.51
4000@155.68,2200@154.13,900@155.51
400@154.43,2200@154.13,900@155.51
400@154.43,300@154.57,900@155.51
400@154.43,500@153.09,900@155.51
400@154.43,500@153.09,3400@153.95
400@154.43,500@153.09,2700@153.64
400@154.43,1400@153.51,2700@153.64
400@154.43,1400@153.51,300@153.42
4300@151.9,1400@153.51,300@153.42
3400@152.85,1400@153.51,300@153.42
2800@154.69,1400@153.51,300@153.42
2800@154.69,1400@153.51,1600@154.47
2800@154.69,1400@153.51,4100@154.26
3900@154.94,1400@153.51,4100@154.26
900@155.53,1400@153.51,4100@154.26
100@156.51,1400@153.51,4100@154.26
100@156.51,1400@153.51,100@157.01
600@157.37,1400@153.51,100@157.01
600@157.37,3400@156.58,100@157.01
1800@158.18,3400@156.58,100@157.01
1800@158.18,2500@157.46,100@157.01
4300@156.81,2500@157.46,100@157.01
2800@155.53,2500@157.46,100@157.01
1300@156.08,2500@157.46,100@157.01
700@156.11,2500@157.46,100@157.01
3600@155.9,2500@157.46,100@157.01
800@155.71,2500@157.46,100@157.01
2700@155.28,2500@157.46,100@157.01
1400@156.41,2500@157.46,100@157.01
4500@157.07,2500@157.46,100@157.01
4500@157.07,1600@156.65,100@157.01
900@156.89,1600@156.65,100@157.01
3100@155.92,1600@156.65,100@157.01
100@155.02,1600@156.65,100@157.01
100@155.02,1600@156.65,5000@154.12
100@155.02,3600@154.87,5000@154.12
700@153.79,3600@154.87,5000@154.12
3900@153.85,3600@154.87,5000@154.12
1600@152.01,3600@154.87,5000@154.12
200@151.53,3600@154.87,5000@154.12
4000@152.77,3600@154.87,5000@154.12
1600@152.99,3600@154.87,5000@154.12
3100@152.72,3600@154.87,5000@154.12
3100@152.72,3600@154.87,4300@152.13
1100@151.79,3600@154.87,4300@152.13
1100@151.79,2700@151.47,4300@152.13
900@150.99,2700@151.47,4300@152.13
900@150.99,2800@151.76,4300@152.13
900@150.99,2800@151.76,700@152.08
900@150.99,2800@151.76,2300@152.03
900@150.99,2800@151.76,1400@151.41
1200@151.15,2800@151.76,1400@151.41
1100@150.37,2800@151.76,1400@151.41
1100@150.37,2800@151.76,2500@150.77
3600@150.78,2800@151.76,2500@150.77
3600@150.78,2800@151.76,700@152.68
2300@152.8,2800@151.76,700@152.68
4500@152.75,2800@151.76,700@152.68
3200@153.55,2800@151.76,700@152.68
4100@154.15,2800@151.76,700@152.68
4100@154.15,4200@154.42,700@152.68
4100@154.15,3500@154.35,700@152.68
2300@156.52,3500@154.35,700@152.68
2300@156.52,3500@154.35,3600@156
3500@156.18,3500@154.35,3600@156
3500@156.18,1300@155.05,3600@156
3100@154.67,1300@155.05,3600@156
4200@155.31,1300@155.05,3600@156
4200@155.31,4600@154.73,3600@156
4700@155.49,4600@154.73,3600@156
4700@155.49,4600@154.73,700@155.71
3300@155.19,4600@154.73,700@155.71
3300@155.19,3000@154.7,700@155.71
1400@154.78,3000@154.7,700@155.71
2700@154.17,3000@154.7,700@155.71
4100@154.16,3000@154.7,700@155.71
4100@154.16,2500@155.06,700@155.71
2000@154.91,2500@155.06,700@155.71
2000@154.91,3500@155.9,700@155.71
3000@156.31,3500@155.9,700@155.71
3400@156.8,3500@155.9,700@155.71
4500@155.91,3500@155.9,700@155.71
1300@156.3,3500@155.9,700@155.71
1300@156.3,3500@155.9,3300@156.01
5000@155.31,3500@155.9,3300@156.01
5000@155.31,200@154.41,3300@156.01
5000@155.31,200@154.41,4700@155.98
5000@155.31,200@154.41,3800@155.71
5000@155.31,2300@155.54,3800@155.71
3200@154.96,2300@155.54,3800@155.71
3200@154.96,2300@155.54,1400@155.06
1100@154.82,2300@155.54,1400@155.06
1100@154.82,2300@155.54,5000@155.23
2200@154.68,2300@155.54,5000@155.23
1200@154.34,2300@155.54,5000@155.23
1300@153.92,2300@155.54,5000@155.23
3300@154.73,2300@155.54,5000@155.23
4800@154.26,2300@155.54,5000@155.23
1900@156.03,2300@155.54,5000@155.23
1900@156.03,700@156.36,5000@155.23
1900@156.03,700@156.36,3100@156.28
2100@155.5,700@156.36,3100@156.28
2100@155.5,1000@154.67,3100@156.28
4500@156.18,1000@154.67,3100@156.28
4500@156.18,2200@157,3100@156.28
4100@156.75,2200@157,3100@156.28
4100@156.75,900@158.08,3100@156.28
4100@156.75,900@158.08,700@157.21
4100@156.75,1900@156.33,700@157.21
4100@156.75,1900@156.33,1300@156.12
800@155.38,1900@156.33,1300@156.12
700@155.08,1900@156.33,1300@156.12
700@155.97,1900@156.33,1300@156.12
700@155.97,1900@156.33,1200@156.13
3700@155.7,1900@156.33,1200@156.13
2300@155.64,1900@156.33,1200@156.13
700@155.87,1900@156.33,1200@156.13
2700@156.4,1900@156.33,1200@156.13
2700@156.4,1400@156.98,1200@156.13
2700@156.4,2400@156.28,1200@156.13
2700@156.4,3100@156.54,1200@156.13
2700@156.4,1400@156.63,1200@156.13
300@157.85,1400@156.63,1200@156.13
300@157.85,2500@157.51,1200@156.13
300@157.85,4400@157.33,1200@156.13
300@157.85,4400@157.33,4700@157.94
300@157.85,2300@155.69,4700@157.94
300@157.85,2300@155.69,3200@155.18
300@157.85,2300@155.69,2400@155.37
300@157.85,2300@155.69,500@155.03
300@157.85,2800@154.25,500@155.03
1900@153.39,2800@154.25,500@155.03
300@154.36,2800@154.25,500@155.03
300@154.36,3600@154.31,500@155.03
700@153.76,3600@154.31,500@155.03
4700@154.46,3600@154.31,500@155.03
4700@154.46,3600@154.31,1100@154.6
4700@154.46,3000@154.95,1100@154.6
3700@155.6,3000@154.95,1100@154.6
600@155.95,3000@154.95,1100@154.6
600@155.95,4400@156.35,1100@154.6
1700@155.46,4400@156.35,1100@154.6
1300@155.35,4400@156.35,1100@154.6
1300@155.35,1000@154.06,1100@154.6
1700@155.73,1000@154.06,1100@154.6
3500@154.55,1000@154.06,1100@154.6
3500@154.55,2200@153.98,1100@154.6
3900@154.15,2200@153.98,1100@154.6
3900@154.15,4700@154.14,1100@154.6
300@155.14,4700@154.14,1100@154.6
300@155.14,4700@154.14,4600@156.27
300@155.14,4900@156.36,4600@156.27
3900@156.18,4900@156.36,4600@156.27
3900@156.18,1700@156.36,4600@156.27
3900@156.18,1700@156.36,300@156.83
2500@155.34,1700@156.36,300@156.83
3500@154.29,1700@156.36,300@156.83
2200@153.61,1700@156.36,300@156.83
4000@152.85,1700@156.36,300@156.83
1500@153.63,1700@156.36,300@156.83
1500@153.63,2900@153.69,300@156.83
1500@153.63,1000@153.12,300@156.83
1500@153.63,5000@152.58,300@156.83
1500@153.63,1700@153.36,300@156.83
1500@153.63,1700@153.36,1600@154.54
1500@153.63,1700@153.36,4000@153.26
900@153.31,1700@153.36,4000@153.26
900@153.31,1700@153.36,3800@152.99
900@153.31,2800@152.91,3800@152.99
900@153.31,4300@154.44,3800@152.99
900@153.31,4800@152.89,3800@152.99
1400@152.35,4800@152.89,3800@152.99
600@152.81,4800@152.89,3800@152.99
1400@153.49,4800@152.89,3800@152.99
1400@153.49,4800@152.89,3100@153.07
1400@153.49,500@152.43,3100@153.07
1400@153.49,100@152.88,3100@153.07
100@151.9,100@152.88,3100@153.07
4100@151.89,100@152.88,3100@153.07
4100@151.89,100@152.88,2700@151.28
3300@150.83,100@152.88,2700@151.28
4200@151.05,100@152.88,2700@151.28
3300@151.15,100@152.88,2700@151.28
3300@151.15,100@152.88,1100@150.29
2000@150.41,100@152.88,1100@150.29
4300@150.86,100@152.88,1100@150.29
4500@150.51,100@152.88,1100@150.29
2700@150.44,100@152.88,1100@150.29
1600@150.48,100@152.88,1100@150.29
1600@150.48,100@152.88,300@151.47
1600@150.48,4900@151.2,300@151.47
1600@150.48,4900@151.2,1200@151.36
1600@150.48,4100@150.77,1200@151.36
1600@150.48,4100@150.77,2400@150.55
1000@151.04,4100@150.77,2400@150.55
1000@151.04,2000@151.53,2400@150.55
2800@150.73,2000@151.53,2400@150.55
2800@150.73,2000@151.53,4600@150.02
2800@150.73,4600@150.34,4600@150.02
2800@150.73,2900@150.19,4600@150.02
2800@150.73,4900@150.01,4600@150.02
4500@150.2,4900@150.01,4600@150.02
4900@150.18,4900@150.01,4600@150.02
4900@150.18,800@150.43,4600@150.02
4900@150.18,2500@150.16,4600@150.02
500@151.47,2500@150.16,4600@150.02
1000@150.22,2500@150.16,4600@150.02
1000@150.22,4100@150.07,4600@150.02
4800@150.22,4100@150.07,4600@150.02
400@150.3,4100@150.07,4600@150.02
400@150.3,2100@150.38,4600@150.02
400@150.3,2100@150.38,3900@150.04
4100@150.29,2100@150.38,3900@150.04
4100@150.29,2100@150.38,4400@150.96
1900@153.78,2100@150.38,4400@150.96
1900@153.78,4300@152.23,4400@150.96
1900@153.78,1800@154.87,4400@150.96
1900@153.78,2700@154.08,4400@150.96
3800@154.52,2700@154.08,4400@150.96
4600@154.16,2700@154.08,4400@150.96
2400@154.55,2700@154.08,4400@150.96
1000@154.59,2700@154.08,4400@150.96
700@155.57,2700@154.08,4400@150.96
700@155.57,200@155.04,4400@150.96
3700@155.64,200@155.04,4400@150.96
4400@155.15,200@155.04,4400@150.96
3100@155.17,200@155.04,4400@150.96
3100@155.17,4200@155.8,4400@150.96
3100@155.17,900@155.07,4400@150.96
3100@155.17,3700@154.79,4400@150.96
3100@155.17,3700@154.79,900@155.65
3100@155.17,1100@155.42,900@155.65
4200@152.85,1100@155.42,900@155.65
400@152.41,1100@155.42,900@155.65
400@152.41,1100@155.42,700@152.78
400@152.41,2200@153.14,700@152.78
400@152.41,2200@153.14,700@151.95
400@152.41,2200@153.14,1200@151.12
400@152.41,1700@151.01,1200@151.12
400@152.41,900@151.9,1200@151.12
800@150.92,900@151.9,1200@151.12
800@150.92,900@151.9,3800@151.01
800@150.92,500@150.62,3800@151.01
800@150.92,3400@151.42,3800@151.01
3500@151.58,3400@151.42,3800@151.01
3500@151.58,3400@151.42,2500@154.1
1700@154.66,3400@151.42,2500@154.1
1700@154.66,1800@153.9,2500@154.1
4100@154.69,1800@153.9,2500@154.1
4100@154.69,1800@153.9,2000@155.21
1200@156.29,1800@153.9,2000@155.21
2500@155.09,1800@153.9,2000@155.21
2500@155.09,1800@153.9,700@155.33
100@153.98,1800@153.9,700@155.33
100@153.98,2200@154.88,700@155.33
100@153.98,4000@155.32,700@155.33
100@153.98,2000@156.57,700@155.33
100@153.98,200@156.77,700@155.33
4300@157.79,200@156.77,700@155.33
4300@157.79,2300@157.55,700@155.33
600@158.3,2300@157.55,700@155.33
600@158.3,1500@158.83,700@155.33
1700@159.98,1500@158.83,700@155.33
800@158.81,1500@158.83,700@155.33
800@158.81,900@158.13,700@155.33
300@158.02,900@158.13,700@155.33
3500@156.69,900@158.13,700@155.33
3500@156.69,2100@156.52,700@155.33
3500@156.69,2100@156.52,4400@155.54
3500@156.69,5000@156.37,4400@155.54
3000@156.2,5000@156.37,4400@155.54
3000@156.2,1800@157.47,4400@155.54
3000@156.2,500@157.35,4400@155.54
1700@157.62,500@157.35,4400@155.54
1700@157.62,3300@156.76,4400@155.54
2000@157.71,3300@156.76,4400@155.54
700@157.3,3300@156.76,4400@155.54
700@157.3,2700@157.4,4400@155.54
700@157.3,3100@157.27,4400@155.54
3200@158.25,3100@157.27,4400@155.54
2200@158.03,3100@157.27,4400@155.54
900@157.2,3100@157.27,4400@155.54
3700@157.3,3100@157.27,4400@155.54
3700@157.16,3100@157.27,4400@155.54
3700@157.16,4300@155.26,4400@155.54
3100@156.53,4300@155.26,4400@155.54
1900@157.02,4300@155.26,4400@155.54
1600@157.25,4300@155.26,4400@155.54
4000@157.84,4300@155.26,4400@155.54
1300@158.17,4300@155.26,4400@155.54
1300@158.17,4300@155.26,1500@157.64
3100@157.64,4300@155.26,1500@157.64
3800@158.54,4300@155.26,1500@157.64
3800@158.54,800@158.65,1500@157.64
4400@159.35,800@158.65,1500@157.64
4400@159.35,200@159.98,1500@157.64
4400@159.35,400@159.36,1500@157.64
2000@160.66,400@159.36,1500@157.64
4100@161.06,400@159.36,1500@157.64
4100@161.06,1000@160.64,1500@157.64
4000@160.9,1000@160.64,1500@157.64
4000@160.9,1000@160.64,2400@160.87
2400@160.72,1000@160.64,2400@160.87
3700@160.58,1000@160.64,2400@160.87
1600@160.18,1000@160.64,2400@160.87
300@159.29,1000@160.64,2400@160.87
200@160.02,1000@160.64,2400@160.87
4600@157.82,1000@160.64,2400@160.87
100@158.19,1000@160.64,2400@160.87
100@158.19,1000@160.64,2100@158.94
4900@157.97,1000@160.64,2100@158.94
4900@157.97,500@158.57,2100@158.94
4400@157.51,500@158.57,2100@158.94
2900@158.49,500@158.57,2100@158.94
2900@158.49,1900@157.85,2100@158.94
200@157.03,1900@157.85,2100@158.94
2700@156.78,1900@157.85,2100@158.94
3100@157.27,1900@157.85,2100@158.94
3100@157.27,1900@157.85,700@157.16
3100@157.27,4000@157.89,700@157.16
3100@157.27,4000@157.89,3100@158.62
3900@159.12,4000@157.89,3100@158.62
2500@158.74,4000@157.89,3100@158.62
2500@158.74,4000@157.89,700@159.94
2500@158.74,5000@160.52,700@159.94
4900@160.35,5000@160.52,700@159.94
2000@159.51,5000@160.52,700@159.94
1100@159.25,5000@160.52,700@159.94
4600@159.37,5000@160.52,700@159.94
2900@160.33,5000@160.52,700@159.94
3600@160.94,5000@160.52,700@159.94
3600@160.94,3000@161.26,700@159.94
700@161.55,3000@161.26,700@159.94
4800@162.01,3000@161.26,700@159.94
2100@160.9,3000@161.26,700@159.94
2100@160.9,2300@160.24,700@159.94
2100@160.9,1500@158.53,700@159.94
2100@160.9,4900@158.75,700@159.94
4000@160.21,4900@158.75,700@159.94
4000@160.21,2300@159.36,700@159.94
4000@160.21,2300@159.36,2100@161.03
4000@160.21,3500@160.05,2100@161.03
400@159.06,3500@160.05,2100@161.03
3300@158.26,3500@160.05,2100@161.03
3300@158.26,3500@160.05,4300@157.1
3300@158.26,2700@158.17,4300@157.1
4100@156.35,2700@158.17,4300@157.1
2800@156.42,2700@158.17,4300@157.1
1700@157.06,2700@158.17,4300@157.1
1700@157.06,2500@157.23,4300@157.1
1700@157.06,2500@157.23,1300@157.1
2600@158.41,2500@157.23,1300@157.1
3000@158.19,2500@157.23,1300@157.1
3000@158.19,4300@158.32,1300@157.1
3000@158.19,2800@159.1,1300@157.1
2600@159.72,2800@159.1,1300@157.1
2600@159.72,1100@159.97,1300@157.1
2600@159.72,1600@159.76,1300@157.1
2600@159.72,4600@160.61,1300@157.1
1100@155.99,4600@160.61,1300@157.1
1800@156.97,4600@160.61,1300@157.1
3400@157.5,4600@160.61,1300@157.1
3400@157.5,600@156.43,1300@157.1
3400@157.5,600@156.43,2900@155.35
3400@157.5,2100@156.34,2900@155.35
3400@157.5,4700@157.25,2900@155.35
3700@158.59,4700@157.25,2900@155.35
3700@158.59,100@160.12,2900@155.35
3700@158.59,1600@160.63,2900@155.35
3700@158.59,1600@160.63,1200@161.01
600@161.85,1600@160.63,1200@161.01
600@161.85,3700@162.03,1200@161.01
600@161.85,3700@162.03,4300@164.67
3700@164.76,3700@162.03,4300@164.67
3700@164.76,2900@165,4300@164.67
4800@164.5,2900@165,4300@164.67
4800@164.5,4300@164.67,4300@164.67
4200@164.65,4300@164.67,4300@164.67
4200@164.65,4300@164.67,4800@163.94
2700@164.61,4300@164.67,4800@163.94
2700@164.61,3000@165.44,4800@163.94
2900@165.69,3000@165.44,4800@163.94
1600@165.43,3000@165.44,4800@163.94
1800@164.53,3000@165.44,4800@163.94
1100@164.09,3000@165.44,4800@163.94
4800@165.73,3000@165.44,4800@163.94
3400@165.84,3000@165.44,4800@163.94
2400@166.58,3000@165.44,4800@163.94
2400@166.58,4600@166.49,4800@163.94
2400@166.58,4600@166.49,2900@167.24
2400@166.58,4500@166.92,2900@167.24
2600@167.1,4500@166.92,2900@167.24
500@167.24,4500@166.92,2900@167.24
1200@168.57,4500@166.92,2900@167.24
1200@168.57,5000@168.34,2900@167.24
4300@168.92,5000@168.34,2900@167.24
1300@169.46,5000@168.34,2900@167.24
2200@169.18,5000@168.34,2900@167.24
2200@169.18,4700@170.88,2900@167.24
2200@169.18,4700@170.88,1200@171.48
4700@171.11,4700@170.88,1200@171.48
4700@171.11,5000@170.16,1200@171.48
200@170.14,5000@170.16,1200@171.48
4600@169.95,5000@170.16,1200@171.48
4100@168.35,5000@170.16,1200@171.48
1900@168.43,5000@170.16,1200@171.48
1900@168.43,2900@168.8,1200@171.48
4800@169.74,2900@168.8,1200@171.48
3600@169.36,2900@168.8,1200@171.48
3900@169.36,2900@168.8,1200@171.48
3900@169.36,2400@170.17,1200@171.48
3900@169.36,200@169.88,1200@171.48
1300@170.43,200@169.88,1200@171.48
1700@169.95,200@169.88,1200@171.48
500@170.8,200@169.88,1200@171.48
500@170.8,200@169.88,1600@171.05
500@170.8,3600@171.15,1600@171.05
500@170.8,3800@170.23,1600@171.05
500@170.8,2500@169.35,1600@171.05
500@170.8,1000@170.23,1600@171.05
500@170.8,2800@170.77,1600@171.05
500@170.8,100@170.76,1600@171.05
500@170.8,3200@169.56,1600@171.05
500@170.8,3400@169.13,1600@171.05
500@170.8,4600@168.41,1600@171.05
500@170.8,1100@168.96,1600@171.05
3300@169.06,1100@168.96,1600@171.05
1700@168.05,1100@168.96,1600@171.05
1700@168.05,1100@168.96,200@168.53
2200@169.44,1100@168.96,200@168.53
3100@170.04,1100@168.96,200@168.53
2000@169.08,1100@168.96,200@168.53
2000@169.08,4600@168.62,200@168.53
2900@167.71,4600@168.62,200@168.53
2900@167.71,2000@168.29,200@168.53
2100@168.62,2000@168.29,200@168.53
2100@168.62,1000@168.56,200@168.53
1200@168.17,1000@168.56,200@168.53
4300@168.54,1000@168.56,200@168.53
500@166.73,1000@168.56,200@168.53
3600@166.94,1000@168.56,200@168.53
2100@167.45,1000@168.56,200@168.53
400@166.72,1000@168.56,200@168.53
2400@167.85,1000@168.56,200@168.53
1900@168.06,1000@168.56,200@168.53
1900@168.06,2200@168.85,200@168.53
1900@168.06,100@168.37,200@168.53
3800@168.65,100@168.37,200@168.53
1800@168.22,100@168.37,200@168.53
1800@168.22,100@168.37,3400@168.15
1800@168.22,100@168.37,5000@168.54
1400@168.56,100@168.37,5000@168.54
5000@168.69,100@168.37,5000@168.54
800@169.41,100@168.37,5000@168.54
800@169.41,100@168.37,4700@169.93
3400@169.02,100@168.37,4700@169.93
3400@169.02,4500@166.94,4700@169.93
3100@167.09,4500@166.94,4700@169.93
3100@167.09,1900@167.78,4700@169.93
3100@167.09,500@168.02,4700@169.93
2900@167.05,500@168.02,4700@169.93
4600@167.05,500@168.02,4700@169.93
700@167.33,500@168.02,4700@169.93
700@167.33,4500@167.56,4700@169.93
700@167.33,500@168.47,4700@169.93
700@167.33,500@168.47,1100@168.76
700@167.33,2600@168.49,1100@168.76
700@167.94,2600@168.49,1100@168.76
700@167.94,3400@167.56,1100@168.76
4200@167,3400@167.56,1100@168.76
1600@167.82,3400@167.56,1100@168.76
1600@167.82,3000@168.93,1100@168.76
500@168.21,3000@168.93,1100@168.76
2700@168.15,3000@168.93,1100@168.76
2300@167.27,3000@168.93,1100@168.76
2300@167.27,3000@168.93,2600@167.09
2300@167.27,1200@166.51,2600@167.09
4600@166.26,1200@166.51,2600@167.09
4400@166.27,1200@166.51,2600@167.09
4400@166.27,4600@165.96,2600@167.09
3500@165.91,4600@165.96,2600@167.09
3600@165.63,4600@165.96,2600@167.09
3600@165.63,2800@164.51,2600@167.09
100@163.37,2800@164.51,2600@167.09
100@163.37,3900@163.54,2600@167.09
100@163.37,2800@163.31,2600@167.09
4800@163.67,2800@163.31,2600@167.09
2400@163.01,2800@163.31,2600@167.09
2400@163.01,2900@162.32,2600@167.09
2400@163.01,2700@162.25,2600@167.09
3300@163.13,2700@162.25,2600@167.09
2900@162.41,2700@162.25,2600@167.09
400@161.22,2700@162.25,2600@167.09
400@161.22,2700@162.25,4900@161.69
400@161.22,600@162.51,4900@161.69
400@161.22,600@162.51,1100@164.05
400@161.22,2500@163.26,1100@164.05
400@161.22,4800@161.94,1100@164.05
4900@162.43,4800@161.94,1100@164.05
4900@162.43,600@161.79,1100@164.05
4900@162.43,200@161.99,1100@164.05
3800@162.33,200@161.99,1100@164.05
4900@161.85,200@161.99,1100@164.05
4900@161.85,200@161.99,4200@162.26
4900@161.85,100@161.29,4200@162.26
2400@160.63,100@161.29,4200@162.26
2400@160.63,2800@159.73,4200@162.26
2400@160.63,3800@160.51,4200@162.26
1000@159.17,3800@160.51,4200@162.26
1000@159.17,2400@159.45,4200@162.26
1000@159.17,2500@160.21,4200@162.26
1000@159.17,1400@159.21,4200@162.26
1000@159.17,4100@159.51,4200@162.26
1000@159.17,3200@160.29,4200@162.26
3300@158.14,3200@160.29,4200@162.26
3300@158.14,2100@158.29,4200@162.26
700@158.05,2100@158.29,4200@162.26
700@158.05,2400@155.58,4200@162.26
700@158.05,3900@156.57,4200@162.26
700@158.05,1900@156.89,4200@162.26
100@157.58,1900@156.89,4200@162.26
1500@158.42,1900@156.89,4200@162.26
1500@158.42,800@159.16,4200@162.26
3900@160.04,800@159.16,4200@162.26
3900@160.04,3800@160.68,4200@162.26
3900@160.04,3800@160.68,700@160.2
1600@162.2,3800@160.68,700@160.2
1600@162.2,3800@160.68,4300@163.09
1600@162.2,600@162.57,4300@163.09
1600@162.2,600@162.57,3800@162.49
1500@161.8,600@162.57,3800@162.49
2900@160.9,600@162.57,3800@162.49
2900@160.9,4400@160.8,3800@162.49
4600@159.93,4400@160.8,3800@162.49
4600@159.93,200@159.68,3800@162.49
1300@159.91,200@159.68,3800@162.49
2000@160.73,200@159.68,3800@162.49
2000@160.73,5000@160.5,3800@162.49
800@160.47,5000@160.5,3800@162.49
3800@159.82,5000@160.5,3800@162.49
1900@160.1,5000@160.5,3800@162.49
1900@160.1,3700@159.99,3800@162.49
3600@159.64,3700@159.99,3800@162.49
3600@159.64,900@159.79,3800@162.49
4800@160.4,900@159.79,3800@162.49
4800@160.4,900@159.79,3600@160.23
600@160.87,900@159.79,3600@160.23
4200@160.5,900@159.79,3600@160.23
200@159.73,900@159.79,3600@160.23
200@159.73,2900@159.73,3600@160.23
2000@160.53,2900@159.73,3600@160.23
2000@160.53,1900@160.65,3600@160.23
1800@160.79,1900@160.65,3600@160.23
1800@160.79,3400@158.64,3600@160.23
3600@157.64,3400@158.64,3600@160.23
4600@157.14,3400@158.64,3600@160.23
4600@157.14,3400@158.64,2600@157.85
4600@157.14,2100@157.38,2600@157.85
4600@157.14,300@156.52,2600@157.85
4800@156.58,300@156.52,2600@157.85
4800@156.58,1000@155.93,2600@157.85
4600@154.28,1000@155.93,2600@157.85
3600@154.98,1000@155.93,2600@157.85
2700@154.15,1000@155.93,2600@157.85
4800@154.32,1000@155.93,2600@157.85
2400@156.09,1000@155.93,2600@157.85
2400@156.09,1000@155.93,5000@155.41
4800@156.28,1000@155.93,5000@155.41
4800@156.28,4700@157.64,5000@155.41
1600@157.13,4700@157.64,5000@155.41
3800@155.53,4700@157.64,5000@155.41
2900@155.78,4700@157.64,5000@155.41
1000@156.57,4700@157.64,5000@155.41
1000@156.57,700@156.09,5000@155.41
1000@156.57,700@156.09,500@154.57
4900@153.74,700@156.09,500@154.57
2100@153.31,700@156.09,500@154.57
2100@153.31,3000@154.3,500@154.57
2100@153.31,3000@154.3,2300@153.79
2100@153.31,2100@153.5,2300@153.79
2100@153.31,2100@153.5,1300@151.8
5000@152.1,2100@153.5,1300@151.8
5000@152.1,2900@152.32,1300@151.8
3100@152.85,2900@152.32,1300@151.8
3100@152.85,4000@151.95,1300@151.8
3100@152.85,4200@151.1,1300@151.8
3100@152.85,4200@151.1,4200@152.04
3600@152.89,4200@151.1,4200@152.04
600@154.17,4200@151.1,4200@152.04
600@154.17,4200@151.1,3400@154.08
600@154.17,4200@151.1,2500@154.27
600@154.17,2700@153.87,2500@154.27
4100@152.62,2700@153.87,2500@154.27
2400@153.87,2700@153.87,2500@154.27
2400@153.87,2700@153.87,1800@152.7
2100@153.46,2700@153.87,1800@152.7
2500@154.38,2700@153.87,1800@152.7
2600@156.21,2700@153.87,1800@152.7
700@155.93,2700@153.87,1800@152.7
700@156.17,2700@153.87,1800@152.7
4400@155.16,2700@153.87,1800@152.7
4400@155.16,4800@156.12,1800@152.7
4400@155.16,3600@156.53,1800@152.7
4400@155.16,1100@156.03,1800@152.7
4400@155.16,1600@156.22,1800@152.7
4400@155.16,4900@155.86,1800@152.7
2300@155.78,4900@155.86,1800@152.7
1300@156.22,4900@155.86,1800@152.7
1300@156.22,4900@155.86,2700@155.93
1300@156.22,3400@155.62,2700@155.93
1300@156.22,400@156.27,2700@155.93
1300@156.22,1900@156.18,2700@155.93
1300@156.22,1900@156.18,3800@156.02
900@156.26,1900@156.18,3800@156.02
1500@156.64,1900@156.18,3800@156.02
1500@156.64,4100@155.63,3800@156.02
2900@155.21,4100@155.63,3800@156.02
4300@155.02,4100@155.63,3800@156.02
5000@156.28,4100@155.63,3800@156.02
4600@157.24,4100@155.63,3800@156.02
4600@157.24,4100@155.63,200@157.11
4600@157.24,4100@155.63,1100@156.92
3100@155.36,4100@155.63,1100@156.92
1400@155.31,4100@155.63,1100@156.92
3900@154.67,4100@155.63,1100@156.92
700@154.42,4100@155.63,1100@156.92
3000@158.18,4100@155.63,1100@156.92
3000@158.18,1600@159.14,1100@156.92
3000@158.18,3600@159.05,1100@156.92
3000@158.18,2500@158.95,1100@156.92
3000@158.18,4200@159.24,1100@156.92
3000@158.18,4200@159.24,2800@159.09
2700@156.62,4200@159.24,2800@159.09
2700@156.62,4200@159.24,4800@157.32
2700@156.62,1300@157.28,4800@157.32
2700@156.62,1300@157.28,4800@158.58
1300@158.79,1300@157.28,4800@158.58
1300@158.79,1300@157.28,1800@158.61
2500@157.05,1300@157.28,1800@158.61
3600@156.08,1300@157.28,1800@158.61
600@155.46,1300@157.28,1800@158.61
600@155.46,1300@157.28,2300@155.35
1200@154.79,1300@157.28,2300@155.35
1200@154.79,1300@157.28,1300@154
1500@153.52,1300@157.28,1300@154
1500@153.52,1300@157.28,4700@152.61
1500@153.52,1300@152.01,4700@152.61
3500@151.39,1300@152.01,4700@152.61
3500@151.39,1800@151.01,4700@152.61
3500@151.39,3000@150.45,4700@152.61
3500@151.39,3000@150.45,2600@151.27
3500@151.39,3000@150.45,3400@150.67
3500@151.39,5000@151.1,3400@150.67
3500@151.39,4100@151.64,3400@150.67
1100@151.39,4100@151.64,3400@150.67
1100@151.39,4100@151.64,4400@151.29
1400@153.13,4100@151.64,4400@151.29
1400@153.13,2600@153.92,4400@151.29
1400@153.13,2600@153.92,2800@154.41
1400@153.13,3700@154.4,2800@154.41
1400@153.13,3700@154.4,2800@154.61
1400@153.13,3700@154.4,1800@153.41
1400@153.13,3700@154.4,2600@152.7
3300@153.54,3700@154.4,2600@152.7
3300@153.54,3500@154.01,2600@152.7
4200@153.51,3500@154.01,2600@152.7
4200@153.51,3500@154.01,2500@152.94
1800@153.61,3500@154.01,2500@152.94
2800@155.19,3500@154.01,2500@152.94
2800@155.19,4000@157.07,2500@152.94
3300@156.79,4000@157.07,2500@152.94
3300@156.79,4000@157.07,1400@154.74
3300@156.79,2300@154.13,1400@154.74
1800@154.68,2300@154.13,1400@154.74
1800@154.68,4900@154.56,1400@154.74
2000@154.04,4900@154.56,1400@154.74
3300@155.59,4900@154.56,1400@154.74
4700@155.08,4900@154.56,1400@154.74
2700@155.95,4900@154.56,1400@154.74
2700@155.95,2700@154.56,1400@154.74
200@154.3,2700@154.56,1400@154.74
200@154.3,1500@154.43,1400@154.74
600@153.85,1500@154.43,1400@154.74
2700@152.88,1500@154.43,1400@154.74
2100@152.17,1500@154.43,1400@154.74
2100@152.17,1500@154.43,1100@153.03
2100@152.17,4300@152.18,1100@153.03
2100@152.17,4300@152.18,4700@152.93
2100@152.17,800@153.43,4700@152.93
3000@153.98,800@153.43,4700@152.93
3000@153.98,800@153.43,2900@154.46
4200@152.99,800@153.43,2900@154.46
4200@152.99,3100@153.04,2900@154.46
4200@152.99,4300@151.77,2900@154.46
3900@152.01,4300@151.77,2900@154.46
3900@152.01,1900@151.5,2900@154.46
3900@152.01,1900@151.5,3700@151.92
3900@152.01,1900@151.5,500@151.78
1900@151.29,1900@151.5,500@151.78
1900@151.29,800@152.48,500@151.78
1900@151.29,2300@153.62,500@151.78
3100@153.22,2300@153.62,500@151.78
3100@153.22,800@154.08,500@151.78
3100@153.22,2300@153.67,500@151.78
3100@153.22,2300@153.67,800@153.79
3100@153.22,2300@153.67,4500@154.32
500@154.89,2300@153.67,4500@154.32
2900@155.09,2300@153.67,4500@154.32
2900@155.09,3400@154.27,4500@154.32
2700@154.21,3400@154.27,4500@154.32
3600@155.06,3400@154.27,4500@154.32
3600@155.06,3000@155.22,4500@154.32
3600@155.06,1500@155,4500@154.32
3600@155.06,1200@154.14,4500@154.32
3600@155.06,1500@154.4,4500@154.32
3000@155.07,1500@154.4,4500@154.32
4200@154.98,1500@154.4,4500@154.32
500@154.33,1500@154.4,4500@154.32
500@154.33,1500@154.4,700@153.58
400@152.99,1500@154.4,700@153.58
400@152.99,3500@150.89,700@153.58
400@152.99,4100@150.93,700@153.58
1500@151.59,4100@150.93,700@153.58
1500@151.59,4100@150.93,1800@152.09
1500@151.59,4100@150.93,3600@150.88
1500@151.59,4100@150.93,3600@150.04
4900@150.69,4100@150.93,3600@150.04
4300@151.62,4100@150.93,3600@150.04
200@152.26,4100@150.93,3600@150.04
200@152.26,4100@150.93,1900@151.43
200@152.26,4600@150.89,1900@151.43
1400@150.29,4600@150.89,1900@151.43
3300@150.1,4600@150.89,1900@151.43
3300@150.1,600@150.19,1900@151.43
3300@150.1,4400@151.01,1900@151.43
3300@150.1,4400@151.01,900@150.92
3300@150.1,3400@150.93,900@150.92
4500@152.05,3400@150.93,900@150.92
4500@152.05,1700@152.26,900@150.92
4500@152.05,1700@152.26,2600@152.25
3000@152.38,1700@152.26,2600@152.25
3000@152.38,1300@151.46,2600@152.25
2700@152.39,1300@151.46,2600@152.25
2700@152.39,2500@151.83,2600@152.25
900@152.42,2500@151.83,2600@152.25
4800@154,2500@151.83,2600@152.25
4800@154,1700@153.5,2600@152.25
1600@154.13,1700@153.5,2600@152.25
3300@153.77,1700@153.5,2600@152.25
4500@155.04,1700@153.5,2600@152.25
4500@155.04,1700@153.5,1500@155.07
4500@155.04,1700@153.5,1900@155
2600@154.15,1700@153.5,1900@155
2600@154.15,4500@153.19,1900@155
2300@152.77,4500@153.19,1900@155
2300@152.77,4500@153.19,1700@153.6
2300@152.77,3800@153.03,1700@153.6
300@153.1,3800@153.03,1700@153.6
300@153.1,900@153.39,1700@153.6
3600@154.41,900@153.39,1700@153.6
2300@153.91,900@153.39,1700@153.6
2500@153.57,900@153.39,1700@153.6
3300@152.59,900@153.39,1700@153.6
3300@152.59,3500@153.39,1700@153.6
3300@152.59,1400@152.99,1700@153.6
4800@153.11,1400@152.99,1700@153.6
4800@153.11,1200@153.56,1700@153.6
4800@153.11,1200@153.56,4800@152.87
3000@152.11,1200@153.56,4800@152.87
3000@152.11,1100@152.54,4800@152.87
3000@152.11,700@152.43,4800@152.87
3000@152.11,700@152.43,1200@151.25
3000@152.11,800@151.27,1200@151.25
3000@152.11,1700@151.9,1200@151.25
3000@152.11,1200@151.89,1200@151.25
1100@152.52,1200@151.89,1200@151.25
1100@152.52,1200@151.89,2900@152.55
1000@153.2,1200@151.89,2900@152.55
300@152.79,1200@151.89,2900@152.55
1400@152.01,1200@151.89,2900@152.55
1400@152.01,2700@152.66,2900@152.55
3500@153.95,2700@152.66,2900@152.55
3500@153.95,4800@152.34,2900@152.55
1100@151.74,4800@152.34,2900@152.55
2000@151.03,4800@152.34,2900@152.55
2000@151.03,1900@150.09,2900@152.55
2000@151.03,1900@150.07,2900@152.55
2600@150.25,1900@150.07,2900@152.55
4400@150.14,1900@150.07,2900@152.55
4400@150.14,100@150.24,2900@152.55
4400@150.14,2900@151.21,2900@152.55
1300@150.21,2900@151.21,2900@152.55
1300@150.21,2900@151.21,4200@150.57
1300@150.21,1800@150.25,4200@150.57
1300@150.21,1400@156.99,4200@150.57
1300@150.21,2300@157.18,4200@150.57
3400@156.32,2300@157.18,4200@150.57
3900@156.14,2300@157.18,4200@150.57
3200@156.91,2300@157.18,4200@150.57
3200@156.91,300@156.68,4200@150.57
100@153.97,300@156.68,4200@150.57
100@153.97,3000@154.19,4200@150.57
4100@154.74,3000@154.19,4200@150.57
4100@154.74,3000@154.19,1500@154.92
4300@154.66,3000@154.19,1500@154.92
4500@153.94,3000@154.19,1500@154.92
4500@153.94,4100@154.64,1500@154.92
4500@153.94,3000@155.05,1500@154.92
500@154.28,3000@155.05,1500@154.92
500@154.28,3000@155.05,4300@153.73
500@154.28,900@154.18,4300@153.73
4300@155.3,900@154.18,4300@153.73
3200@155.33,900@154.18,4300@153.73
4300@155.18,900@154.18,4300@153.73
4300@155.18,1500@154.49,4300@153.73
1500@154.16,1500@154.49,4300@153.73
3000@153.51,1500@154.49,4300@153.73
900@153.06,1500@154.49,4300@153.73
900@153.06,300@154.15,4300@153.73
900@153.06,300@154.15,2500@154.11
900@153.06,4100@154.32,2500@154.11
900@153.06,1000@154.87,2500@154.11
900@153.06,4500@155.42,2500@154.11
900@153.06,4500@155.42,2500@154.94
900@153.06,4500@155.42,1200@154.73
900@153.06,4500@155.42,4100@153.96
700@154.13,4500@155.42,4100@153.96
700@154.13,4500@155.42,4300@154.75
200@155.49,4500@155.42,4300@154.75
200@155.49,4500@155.42,1400@157.14
200@155.49,4500@155.42,5000@156.82
2200@156.19,4500@155.42,5000@156.82
2200@156.19,4500@155.42,4100@157.67
300@157.64,4500@155.42,4100@157.67
1200@158.02,4500@155.42,4100@157.67
1200@158.02,2700@158,4100@157.67
4400@158.78,2700@158,4100@157.67
4400@158.78,2700@158,3000@157.74
1300@157.41,2700@158,3000@157.74
1300@157.41,4600@157.71,3000@157.74
200@157.23,4600@157.71,3000@157.74
200@157.23,1200@159.36,3000@157.74
200@157.23,3700@160,3000@157.74
200@157.23,4900@159.52,3000@157.74
200@157.23,3800@159.21,3000@157.74
200@157.23,2400@159.69,3000@157.74
3100@159.52,2400@159.69,3000@157.74
3100@159.52,1300@159.35,3000@157.74
3100@159.52,1200@159.04,3000@157.74
3100@159.52,1200@159.04,2500@158.95
3100@159.52,2900@158.23,2500@158.95
3100@159.52,500@158.34,2500@158.95
4600@157.75,500@158.34,2500@158.95
500@160.09,500@158.34,2500@158.95
4100@158.51,500@158.34,2500@158.95
3800@158.51,500@158.34,2500@158.95
3800@158.51,2200@155.41,2500@158.95
3400@155.79,2200@155.41,2500@158.95
3400@155.79,4000@156.11,2500@158.95
3400@155.79,4000@155.3,2500@158.95
4100@156.11,4000@155.3,2500@158.95
4900@155.39,4000@155.3,2500@158.95
2800@156.08,4000@155.3,2500@158.95
4600@155.06,4000@155.3,2500@158.95
4600@155.06,1100@154.61,2500@158.95
4600@155.06,2300@154.12,2500@158.95
4600@155.06,2300@154.12,1600@155.11
3600@156.14,2300@154.12,1600@155.11
3600@156.14,3900@157.31,1600@155.11
3600@156.14,1700@158.11,1600@155.11
4700@157.49,1700@158.11,1600@155.11
4700@157.49,4100@158.05,1600@155.11
3600@158.55,4100@158.05,1600@155.11
2200@157.66,4100@158.05,1600@155.11
2200@157.66,3500@156.62,1600@155.11
2200@157.66,3500@156.62,1100@155.26
4600@154.96,3500@156.62,1100@155.26
4600@154.96,4800@154.31,1100@155.26
4600@154.96,4800@154.31,3400@157.89
500@158.61,4800@154.31,3400@157.89
3400@159.08,4800@154.31,3400@157.89
3400@159.08,4800@154.31,3000@158.96
3400@158.8,4800@154.31,3000@158.96
4800@159.08,4800@154.31,3000@158.96
4800@159.08,4800@154.31,1800@158.87
4800@159.08,1000@159.24,1800@158.87
4800@159.08,1000@159.24,2300@159.33
4800@159.08,1000@159.24,3200@159.92
1700@161.23,1000@159.24,3200@159.92
1700@161.23,1300@163.71,3200@159.92
3500@164.12,1300@163.71,3200@159.92
3500@164.12,1900@163.75,3200@159.92
3500@164.12,500@163.82,3200@159.92
1700@163.54,500@163.82,3200@159.92
1700@163.54,4300@163,3200@159.92
1700@163.54,2600@163.96,3200@159.92
1700@163.54,2600@163.96,5000@164.34
1700@163.54,2600@164.22,5000@164.34
1700@164.12,2600@164.22,5000@164.34
4000@163.43,2600@164.22,5000@164.34
4300@163.42,2600@164.22,5000@164.34
4300@163.42,2400@163.82,5000@164.34
4300@163.42,2400@163.82,2000@164.79
4300@163.42,800@166.45,2000@164.79
4300@163.42,3100@166.32,2000@164.79
4300@163.42,2300@165.88,2000@164.79
4300@163.42,2300@165.88,2300@166.75
4300@163.42,900@167.12,2300@166.75
4300@163.42,2200@168.97,2300@166.75
4600@169.75,2200@168.97,2300@166.75
800@168.89,2200@168.97,2300@166.75
800@168.89,3100@169.88,2300@166.75
800@168.89,2600@170.22,2300@166.75
1500@170.75,2600@170.22,2300@166.75
4600@169.86,2600@170.22,2300@166.75
4600@169.86,1900@168.54,2300@166.75
1200@168.18,1900@168.54,2300@166.75
4800@167.46,1900@168.54,2300@166.75
4600@166.7,1900@168.54,2300@166.75
700@166.1,1900@168.54,2300@166.75
1700@167.23,1900@168.54,2300@166.75
4700@166.88,1900@168.54,2300@166.75
4700@166.88,1800@166.19,2300@166.75
100@164.58,1800@166.19,2300@166.75
1700@163.86,1800@166.19,2300@166.75
1700@163.86,4300@162.64,2300@166.75
400@163.23,4300@162.64,2300@166.75
2900@163.27,4300@162.64,2300@166.75
3200@162.48,4300@162.64,2300@166.75
4700@162.44,4300@162.64,2300@166.75
100@163.58,4300@162.64,2300@166.75
2700@164.1,4300@162.64,2300@166.75
2400@164.58,4300@162.64,2300@166.75
3600@164.45,4300@162.64,2300@166.75
2900@165.28,4300@162.64,2300@166.75
1900@165.49,4300@162.64,2300@166.75
1900@165.49,4800@166.3,2300@166.75
1900@165.49,4800@166.3,4600@166.14
1000@170.56,4800@166.3,4600@166.14
1000@171.08,4800@166.3,4600@166.14
400@171.13,4800@166.3,4600@166.14
3700@171.99,4800@166.3,4600@166.14
3700@171.99,4800@166.3,3700@172.97
1000@172.26,4800@166.3,3700@172.97
1000@172.26,1900@171.3,3700@172.97
2100@170.55,1900@171.3,3700@172.97
2100@170.55,1400@170.63,3700@172.97
2800@169.02,1400@170.63,3700@172.97
4800@168.28,1400@170.63,3700@172.97
500@168.46,1400@170.63,3700@172.97
500@168.46,3100@168.19,3700@172.97
4400@169.18,3100@168.19,3700@172.97
4400@169.18,3100@168.19,3400@167.37
1900@166.45,3100@168.19,3400@167.37
1900@166.45,2500@167.09,3400@167.37
2700@167.42,2500@167.09,3400@167.37
1200@167.07,2500@167.09,3400@167.37
1200@167.07,4500@166.84,3400@167.37
1200@167.07,700@167.61,3400@167.37
1200@167.07,700@167.61,1300@166.79
2400@167.42,700@167.61,1300@166.79
3800@167.48,700@167.61,1300@166.79
2500@166.64,700@167.61,1300@166.79
2500@166.64,700@167.61,1600@166.99
2500@166.64,900@167.44,1600@166.99
1300@167.78,900@167.44,1600@166.99
1300@167.78,900@167.44,1000@167.2
4000@166.22,900@167.44,1000@167.2
4000@166.22,900@167.44,1600@166.96
4000@166.22,1600@167.52,1600@166.96
4000@166.22,800@168.24,1600@166.96
4000@166.22,800@168.24,100@168.12
4000@166.22,2100@166.6,100@168.12
4300@168.06,2100@166.6,100@168.12
4300@167.64,2100@166.6,100@168.12
200@167.34,2100@166.6,100@168.12
200@167.34,1500@166.66,100@168.12
200@167.34,1500@166.66,1000@167.49
3400@167.66,1500@166.66,1000@167.49
3400@167.66,3600@168.63,1000@167.49
3400@167.73,3600@168.63,1000@167.49
3400@167.73,4000@168.38,1000@167.49
3400@167.73,5000@168.41,1000@167.49
4500@168.63,5000@168.41,1000@167.49
4500@168.63,500@169.49,1000@167.49
4500@168.63,3600@169.86,1000@167.49
4500@168.63,3600@169.86,400@170.95
4500@168.63,3600@169.86,1400@173
3500@172.12,3600@169.86,1400@173
3500@172.12,3600@171.62,1400@173
3500@172.12,1100@172.48,1400@173
1000@171.97,1100@172.48,1400@173
1000@171.97,4500@172.61,1400@173
1000@171.97,4500@172.61,2200@171.99
1000@171.97,4500@172.61,1100@171.6
3000@172.37,4500@172.61,1100@171.6
900@172.83,4500@172.61,1100@171.6
900@172.83,300@173.36,1100@171.6
900@172.83,300@173.36,4200@173.78
900@172.83,3100@173.88,4200@173.78
900@172.83,4800@172.86,4200@173.78
1400@172.64,4800@172.86,4200@173.78
1400@172.64,4100@172.26,4200@173.78
3400@172.85,4100@172.26,4200@173.78
4200@174.24,4100@172.26,4200@173.78
4200@174.24,3900@174.43,4200@173.78
4200@174.24,700@175.3,4200@173.78
4200@174.24,2700@175.73,4200@173.78
1400@175.74,2700@175.73,4200@173.78
1400@175.74,3300@174.29,4200@173.78
1400@175.74,3000@174.22,4200@173.78
500@173.92,3000@174.22,4200@173.78
4900@173.75,3000@174.22,4200@173.78
4900@173.75,3000@174.22,2100@174.59
2200@174.89,3000@174.22,2100@174.59
2300@176.76,3000@174.22,2100@174.59
2300@176.76,1400@177.55,2100@174.59
4300@178,1400@177.55,2100@174.59
4300@178,100@176.65,2100@174.59
3800@177.1,100@176.65,2100@174.59
3800@177.1,2100@176.81,2100@174.59
3800@177.1,4600@175.97,2100@174.59
3800@177.1,4600@175.97,3100@177.07
3800@177.1,4600@175.97,4300@177.01
1900@177.19,4600@175.97,4300@177.01
1900@177.19,900@177,4300@177.01
100@176.68,900@177,4300@177.01
100@176.68,900@177,2200@177.23
3100@177.79,900@177,2200@177.23
3100@177.79,2200@178.17,2200@177.23
3100@177.79,4400@177.49,2200@177.23
3100@177.79,2300@177.07,2200@177.23
3100@177.79,2700@179.77,2200@177.23
2100@180.26,2700@179.77,2200@177.23
1600@180.99,2700@179.77,2200@177.23
1600@180.99,2700@179.77,1700@181.79
3300@182.25,2700@179.77,1700@181.79
3300@182.25,4200@183.88,1700@181.79
4100@184.76,4200@183.88,1700@181.79
3800@185.33,4200@183.88,1700@181.79
2400@185.28,4200@183.88,1700@181.79
3500@183.01,4200@183.88,1700@181.79
3500@183.01,2100@183.9,1700@181.79
1400@183.02,2100@183.9,1700@181.79
200@182.7,2100@183.9,1700@181.79
600@181.99,2100@183.9,1700@181.79
600@181.99,2100@183.9,3000@182.68
600@181.99,2500@182.98,3000@182.68
600@181.99,1200@182.33,3000@182.68
600@181.99,2100@181.68,3000@182.68
600@181.99,4000@182.41,3000@182.68
300@182.91,4000@182.41,3000@182.68
300@182.91,4000@182.41,3600@181.58
4600@180.72,4000@182.41,3600@181.58
400@180.9,4000@182.41,3600@181.58
3700@180.55,4000@182.41,3600@181.58
3700@180.55,4000@182.41,2900@180.64
700@179.42,4000@182.41,2900@180.64
1700@179.52,4000@182.41,2900@180.64
1700@179.52,3400@178.94,2900@180.64
1700@179.52,600@179.08,2900@180.64
1700@179.52,600@179.08,4100@178.66
1700@179.52,600@179.08,2900@179.24
1700@179.52,4100@180.1,2900@179.24
4900@179.96,4100@180.1,2900@179.24
4900@180.26,4100@180.1,2900@179.24
3500@180.39,4100@180.1,2900@179.24
3500@180.39,4100@180.1,4200@181.15
2400@180.71,4100@180.1,4200@181.15
2500@181.25,4100@180.1,4200@181.15
2800@180.97,4100@180.1,4200@181.15
2800@180.97,1500@179.1,4200@181.15
3200@179.37,1500@179.1,4200@181.15
200@178.73,1500@179.1,4200@181.15
200@178.73,2500@176.95,4200@181.15
200@178.73,900@176.62,4200@181.15
200@178.73,4500@176.44,4200@181.15
4900@175.91,4500@176.44,4200@181.15
4900@175.91,1800@175.72,4200@181.15
4500@175.28,1800@175.72,4200@181.15
1100@175.98,1800@175.72,4200@181.15
1100@175.98,4300@176.32,4200@181.15
2000@176.57,4300@176.32,4200@181.15
4000@174.97,4300@176.32,4200@181.15
1800@173.39,4300@176.32,4200@181.15
2800@172.59,4300@176.32,4200@181.15
4400@173.59,4300@176.32,4200@181.15
300@173.83,4300@176.32,4200@181.15
300@173.83,600@171.98,4200@181.15
4700@171.46,600@171.98,4200@181.15
200@170.16,600@171.98,4200@181.15
200@170.16,3800@170.07,4200@181.15
200@170.16,3800@170.07,4300@169.62
1900@170.47,3800@170.07,4300@169.62
2500@169.51,3800@170.07,4300@169.62
2500@169.51,3800@170.07,900@170.48
2500@169.51,2400@169.96,900@170.48
2500@169.51,1600@172.52,900@170.48
2500@169.51,1600@172.52,800@173.29
2500@169.51,500@172.99,800@173.29
2500@169.51,1200@172.32,800@173.29
2500@169.51,3000@173.08,800@173.29
2500@169.51,100@172.56,800@173.29
2500@169.51,800@172.03,800@173.29
2500@169.51,1500@172.01,800@173.29
4700@173.16,1500@172.01,800@173.29
1600@174.4,1500@172.01,800@173.29
3000@175.39,1500@172.01,800@173.29
3000@175.39,1500@172.01,200@175.92
3000@175.39,1200@175.73,200@175.92
3000@175.39,1200@175.73,2000@174.06
1400@174.31,1200@175.73,2000@174.06
1400@174.31,100@173.88,2000@174.06
1800@174.68,100@173.88,2000@174.06
500@173.76,100@173.88,2000@174.06
500@173.76,100@173.88,2700@174.19
1400@175.13,100@173.88,2700@174.19
3100@175.61,100@173.88,2700@174.19
3100@175.61,2700@176.9,2700@174.19
100@177.29,2700@176.9,2700@174.19
3500@176.92,2700@176.9,2700@174.19
1000@177.35,2700@176.9,2700@174.19
1000@177.35,1600@177.77,2700@174.19
5000@177.73,1600@177.77,2700@174.19
5000@177.73,200@177.64,2700@174.19
5000@177.73,1900@175.93,2700@174.19
4700@174.24,1900@175.93,2700@174.19
3300@174.05,1900@175.93,2700@174.19
3300@174.05,900@172.56,2700@174.19
3300@174.05,900@172.56,1100@173.79
4000@173.39,900@172.56,1100@173.79
200@172.95,900@172.56,1100@173.79
200@172.95,200@172.14,1100@173.79
2000@173.1,200@172.14,1100@173.79
900@172.78,200@172.14,1100@173.79
900@172.78,2600@173.46,1100@173.79
900@172.78,3600@172.61,1100@173.79
900@172.78,700@173.7,1100@173.79
4500@173.84,700@173.7,1100@173.79
2500@174.27,700@173.7,1100@173.79
2500@174.27,300@174.36,1100@173.79
2500@174.27,1100@174.1,1100@173.79
1000@174.85,1100@174.1,1100@173.79
2200@174.35,1100@174.1,1100@173.79
600@172.84,1100@174.1,1100@173.79
600@172.84,1100@174.1,600@174.67
3700@174.64,1100@174.1,600@174.67
3700@174.64,1100@174.1,2500@174.59
4600@175.04,1100@174.1,2500@174.59
4600@175.04,3200@176.45,2500@174.59
4600@175.04,3200@176.45,600@176.99
4600@175.04,3400@176.83,600@176.99
4600@175.04,3800@175.32,600@176.99
1800@174.2,3800@175.32,600@176.99
1800@174.2,1800@172.74,600@176.99
1800@174.2,1800@172.74,4900@173.38
1800@174.2,400@172.41,4900@173.38
4100@171.7,400@172.41,4900@173.38
4800@170.28,400@172.41,4900@173.38
1000@169.36,400@172.41,4900@173.38
1000@169.36,3900@169.76,4900@173.38
300@170.68,3900@169.76,4900@173.38
300@170.68,3900@170.6,4900@173.38
300@170.68,3900@170.6,900@170.28
300@170.68,3900@170.6,100@171.33
300@170.68,100@172.25,100@171.33
4200@173.14,100@172.25,100@171.33
4200@173.14,3400@173.89,100@171.33
2500@174.53,3400@173.89,100@171.33
2500@174.53,4100@174.67,100@171.33
2500@174.53,2500@175.3,100@171.33
2500@174.53,2500@175.3,3600@174.36
2500@174.53,2500@175.3,1000@174.34
2500@174.53,2500@175.3,4500@173.43
2500@174.53,4000@173.95,4500@173.43
2500@174.53,4000@173.95,1400@173.26
2800@173.55,4000@173.95,1400@173.26
2800@173.55,500@174.27,1400@173.26
100@175.5,500@174.27,1400@173.26
1600@175.79,500@174.27,1400@173.26
3200@175.65,500@174.27,1400@173.26
3200@175.65,1900@176.16,1400@173.26
3200@175.65,1700@175.27,1400@173.26
800@175.88,1700@175.27,1400@173.26
3600@175.99,1700@175.27,1400@173.26
3600@175.99,4200@175.63,1400@173.26
3200@176.71,4200@175.63,1400@173.26
3200@176.71,3000@177.01,1400@173.26
600@177.83,3000@177.01,1400@173.26
600@177.83,3000@177.01,4000@176.45
4300@177.38,3000@177.01,4000@176.45
3200@177,3000@177.01,4000@176.45
4200@177.07,3000@177.01,4000@176.45
3400@176.17,3000@177.01,4000@176.45
3400@176.17,1100@175.19,4000@176.45
1300@177.42,1100@175.19,4000@176.45
1300@177.42,2200@178.49,4000@176.45
4000@178.49,2200@178.49,4000@176.45
2800@178.47,2200@178.49,4000@176.45
1900@177.61,2200@178.49,4000@176.45
1900@177.61,2200@178.49,1600@177.46
1900@177.61,4000@177.51,1600@177.46
1600@178.39,4000@177.51,1600@177.46
1400@178.03,4000@177.51,1600@177.46
3000@179.08,4000@177.51,1600@177.46
3000@179.08,3400@180.6,1600@177.46
3700@179.7,3400@180.6,1600@177.46
3100@179.39,3400@180.6,1600@177.46
3100@179.54,3400@180.6,1600@177.46
1900@179.95,3400@180.6,1600@177.46
1900@179.95,3500@178.47,1600@177.46
1900@179.95,1300@179.46,1600@177.46
2900@179.46,1300@179.46,1600@177.46
4200@178.83,1300@179.46,1600@177.46
4200@178.83,400@178.36,1600@177.46
4000@178.52,400@178.36,1600@177.46
4000@178.52,400@178.36,2600@178.35
4000@178.52,400@178.36,900@177.46
4000@178.52,2700@177.15,900@177.46
1700@178.91,2700@177.15,900@177.46
4200@179.06,2700@177.15,900@177.46
4200@179.06,2700@177.15,2700@178.83
4200@179.06,2600@180.1,2700@178.83
4200@179.06,2800@179.77,2700@178.83
1300@179.82,2800@179.77,2700@178.83
1300@179.82,3600@180.31,2700@178.83
3800@181,3600@180.31,2700@178.83
1100@181.58,3600@180.31,2700@178.83
1600@181.44,3600@180.31,2700@178.83
1600@181.44,3600@180.31,400@181.27
1600@181.44,4500@182.63,400@181.27
700@182.24,4500@182.63,400@181.27
700@182.24,4500@182.63,1700@183.54
1800@183.21,4500@182.63,1700@183.54
3400@182.32,4500@182.63,1700@183.54
3400@182.32,4300@182.87,1700@183.54
3400@182.32,4300@182.87,4900@181.2
3700@181.29,4300@182.87,4900@181.2
3700@181.29,4300@182.87,1600@180.91
2700@181.39,4300@182.87,1600@180.91
3800@182.1,4300@182.87,1600@180.91
3200@181.82,4300@182.87,1600@180.91
4100@182.08,4300@182.87,1600@180.91
2000@181.59,4300@182.87,1600@180.91
700@182.99,4300@182.87,1600@180.91
700@182.99,4300@182.87,900@183.96
700@182.99,2900@183.74,900@183.96
700@182.99,2900@183.74,2500@183.1
700@182.99,4900@183.54,2500@183.1
4700@184.66,4900@183.54,2500@183.1
4000@184.13,4900@183.54,2500@183.1
4000@184.13,4200@182.79,2500@183.1
4100@185.46,4200@182.79,2500@183.1
1500@186.1,4200@182.79,2500@183.1
1500@186.1,100@185.55,2500@183.1
3300@185.84,100@185.55,2500@183.1
3300@185.84,100@185.55,4200@184.91
2300@185.11,100@185.55,4200@184.91
2300@185.11,4200@185.34,4200@184.91
2300@185.11,4200@185.34,300@185.98
3700@185.32,4200@185.34,300@185.98
1000@186.22,4200@185.34,300@185.98
3700@186.72,4200@185.34,300@185.98
3700@186.72,4200@185.34,3800@185.83
300@185.39,4200@185.34,3800@185.83
200@185.84,4200@185.34,3800@185.83
200@185.84,5000@184.97,3800@185.83
200@185.84,900@183.99,3800@185.83
200@185.84,4500@183.86,3800@185.83
3300@184.74,4500@183.86,3800@185.83
3300@184.74,3400@185.09,3800@185.83
2900@184.46,3400@185.09,3800@185.83
2900@184.46,3400@185.09,4100@183.85
2900@184.46,3400@185.09,3700@184.75
4000@183.93,3400@185.09,3700@184.75
4000@183.93,3400@185.09,4300@183.66
200@184.56,3400@185.09,4300@183.66
200@184.56,2100@183.8,4300@183.66
200@184.56,4400@184.23,4300@183.66
200@184.56,2100@183.84,4300@183.66
1700@183.09,2100@183.84,4300@183.66
1700@183.09,2100@183.84,800@157.99
1700@183.09,3600@158.58,800@157.99
4300@159.03,3600@158.58,800@157.99
2200@158.36,3600@158.58,800@157.99
3500@158.52,3600@158.58,800@157.99
3500@158.52,3600@158.58,3500@157.88
200@158.08,3600@158.58,3500@157.88
4600@157.78,3600@158.58,3500@157.88
4600@157.78,1100@156.44,3500@157.88
200@156.63,1100@156.44,3500@157.88
200@156.63,3000@156.38,3500@157.88
200@156.63,3000@156.38,2500@155.67
200@156.63,3000@156.38,1200@155.76
700@158.45,3000@156.38,1200@155.76
700@158.45,1000@158.4,1200@155.76
200@156.72,1000@158.4,1200@155.76
3700@157.05,1000@158.4,1200@155.76
3200@156.11,1000@158.4,1200@155.76
4000@155.59,1000@158.4,1200@155.76
3300@155.99,1000@158.4,1200@155.76
3300@155.99,1000@158.4,100@155.74
1800@155.82,1000@158.4,100@155.74
1800@155.82,1000@158.4,600@155.84
300@157.01,1000@158.4,600@155.84
300@157.01,500@155.35,600@155.84
300@157.01,500@155.35,3900@155.88
3000@155.84,500@155.35,3900@155.88
3000@155.84,500@155.35,1200@156.71
1400@156.48,500@155.35,1200@156.71
800@157.1,500@155.35,1200@156.71
700@156.08,500@155.35,1200@156.71
900@156.44,500@155.35,1200@156.71
900@156.44,500@155.35,3400@156.33
500@156.25,500@155.35,3400@156.33
500@156.25,4800@155.33,3400@156.33
500@156.25,1800@154.84,3400@156.33
500@156.25,1100@154.12,3400@156.33
500@156.25,1100@153.42,3400@156.33
500@156.25,1700@152.84,3400@156.33
500@156.25,900@152.92,3400@156.33
500@156.25,3300@153.38,3400@156.33
4200@153.91,3300@153.38,3400@156.33
4200@153.91,2400@154.18,3400@156.33
1700@153.52,2400@154.18,3400@156.33
4100@153.65,2400@154.18,3400@156.33
4100@153.65,2200@154.32,3400@156.33
1300@154.73,2200@154.32,3400@156.33
1000@154.01,2200@154.32,3400@156.33
5000@153.27,2200@154.32,3400@156.33
1400@153.59,2200@154.32,3400@156.33
1500@153.83,2200@154.32,3400@156.33
800@154.35,2200@154.32,3400@156.33
3600@154.14,2200@154.32,3400@156.33
3500@154.87,2200@154.32,3400@156.33
2400@154.22,2200@154.32,3400@156.33
2400@154.22,4600@154.6,3400@156.33
400@154.07,4600@154.6,3400@156.33
900@153.11,4600@154.6,3400@156.33
3800@153.59,4600@154.6,3400@156.33
3800@153.59,2100@152.86,3400@156.33
2200@152.05,2100@152.86,3400@156.33
3000@152.43,2100@152.86,3400@156.33
3000@152.43,4500@152.69,3400@156.33
3000@152.43,4500@152.69,4700@153.4
1700@154.64,4500@152.69,4700@153.4
100@155.1,4500@152.69,4700@153.4
100@155.1,4400@154.34,4700@153.4
4300@153.86,4400@154.34,4700@153.4
4300@153.86,4100@154.38,4700@153.4
3100@155.25,4100@154.38,4700@153.4
100@156.02,4100@154.38,4700@153.4
1900@153.96,4100@154.38,4700@153.4
2700@154.46,4100@154.38,4700@153.4
2900@153.95,4100@154.38,4700@153.4
3500@154.32,4100@154.38,4700@153.4
3500@154.32,1800@156.45,4700@153.4
3500@154.32,2400@155.44,4700@153.4
3500@154.32,1600@156.27,4700@153.4
100@157.35,1600@156.27,4700@153.4
1800@157.51,1600@156.27,4700@153.4
4700@157.42,1600@156.27,4700@153.4
2300@158.05,1600@156.27,4700@153.4
2100@159.07,1600@156.27,4700@153.4
4900@159.21,1600@156.27,4700@153.4
3700@160.14,1600@156.27,4700@153.4
100@160.44,1600@156.27,4700@153.4
100@160.44,4500@159.92,4700@153.4
1500@159.28,4500@159.92,4700@153.4
4600@156.47,4500@159.92,4700@153.4
4600@156.47,4500@159.92,2000@155.61
4500@155.45,4500@159.92,2000@155.61
2100@155.2,4500@159.92,2000@155.61
2100@155.2,400@155.65,2000@155.61
2100@155.2,3900@155.44,2000@155.61
1100@154.46,3900@155.44,2000@155.61
1200@153.54,3900@155.44,2000@155.61
1200@153.54,3900@155.44,900@153.85
1200@153.54,1000@153.46,900@153.85
1200@153.54,800@152.93,900@153.85
1200@153.54,4500@151.51,900@153.85
2600@150.89,4500@151.51,900@153.85
2600@150.89,2800@151.05,900@153.85
2600@150.89,2800@151.05,600@151.08
2600@150.89,2800@151.05,100@151.67
2600@150.89,2800@151.05,2400@152.47
2600@150.89,800@152.8,2400@152.47
2600@150.89,1500@153.73,2400@152.47
2600@150.89,2700@154.35,2400@152.47
300@154.48,2700@154.35,2400@152.47
1800@155.01,2700@154.35,2400@152.47
1800@155.01,2500@155.79,2400@152.47
2800@156.25,2500@155.79,2400@152.47
1200@155.12,2500@155.79,2400@152.47
200@155.29,2500@155.79,2400@152.47
1200@155.71,2500@155.79,2400@152.47
900@155.6,2500@155.79,2400@152.47
900@155.6,3600@156.9,2400@152.47
2700@157.88,3600@156.9,2400@152.47
2700@157.88,1500@157.53,2400@152.47
1000@158.24,1500@157.53,2400@152.47
3900@158.51,1500@157.53,2400@152.47
2700@157.9,1500@157.53,2400@152.47
2700@157.9,1500@157.53,900@157.9
2700@157.9,3200@157.88,900@157.9
3300@158.05,3200@157.88,900@157.9
3300@158.05,3200@157.88,4500@158.55
2900@158,3200@157.88,4500@158.55
4900@157.5,3200@157.88,4500@158.55
2000@157.47,3200@157.88,4500@158.55
2500@157.32,3200@157.88,4500@158.55
2500@157.32,4000@158.24,4500@158.55
2600@158.53,4000@158.24,4500@158.55
2600@158.53,2100@158.54,4500@158.55
2300@158.05,2100@158.54,4500@158.55
1900@158.06,2100@158.54,4500@158.55
1900@158.06,3500@158.82,4500@158.55
1900@158.06,3500@158.82,600@159.27
1900@158.06,1300@159.25,600@159.27
1900@158.06,4900@159.17,600@159.27
1900@158.06,2200@158.59,600@159.27
1900@158.06,4400@159.03,600@159.27
200@158.46,4400@159.03,600@159.27
200@158.46,4400@159.03,2800@157.86
200@158.46,2900@158.28,2800@157.86
200@158.46,2900@158.28,3200@159.56
200@158.46,2000@159.16,3200@159.56
4800@158.74,2000@159.16,3200@159.56
3400@157.71,2000@159.16,3200@159.56
3600@159.45,2000@159.16,3200@159.56
3600@159.45,3900@158.84,3200@159.56
2800@158.48,3900@158.84,3200@159.56
2800@158.48,4900@159.45,3200@159.56
700@159.62,4900@159.45,3200@159.56
3600@160.49,4900@159.45,3200@159.56
3600@160.49,3500@160.27,3200@159.56
3600@160.49,300@160.87,3200@159.56
3800@161.32,300@160.87,3200@159.56
3200@162.22,300@160.87,3200@159.56
3200@162.22,2100@162.63,3200@159.56
3700@162.29,2100@162.63,3200@159.56
3700@162.29,2400@160.91,3200@159.56
3700@162.29,600@161.17,3200@159.56
3700@162.29,2900@160.7,3200@159.56
2900@160.62,2900@160.7,3200@159.56
3000@160.2,2900@160.7,3200@159.56
2000@160.19,2900@160.7,3200@159.56
4600@161.28,2900@160.7,3200@159.56
4600@161.28,2900@160.7,3700@162.44
4600@161.28,2900@160.7,1800@163.51
4600@161.28,2600@164.5,1800@163.51
4700@165.74,2600@164.5,1800@163.51
1500@164.9,2600@164.5,1800@163.51
1500@164.9,5000@165.13,1800@163.51
3300@165.39,5000@165.13,1800@163.51
3900@165.72,5000@165.13,1800@163.51
3900@165.72,3600@164.51,1800@163.51
3300@165.56,3600@164.51,1800@163.51
2100@166.02,3600@164.51,1800@163.51
2100@166.02,3600@165.48,1800@163.51
2100@166.02,4300@164.57,1800@163.51
1200@163.65,4300@164.57,1800@163.51
1200@163.65,4300@164.57,1900@163.56
1200@163.65,3000@163.42,1900@163.56
1200@163.65,3500@163.96,1900@163.56
3500@163.22,3500@163.96,1900@163.56
1900@162.53,3500@163.96,1900@163.56
1900@162.53,900@162.12,1900@163.56
1900@162.53,1700@162.56,1900@163.56
4900@161.78,1700@162.56,1900@163.56
3900@162.48,1700@162.56,1900@163.56
3900@162.48,4000@161.73,1900@163.56
3900@162.48,4000@161.73,2900@161.52
4400@161.19,4000@161.73,2900@161.52
4400@161.19,4400@160.61,2900@161.52
4400@161.19,400@161.43,2900@161.52
4400@161.19,2800@160.75,2900@161.52
4400@161.19,2800@160.75,700@159.98
1400@159.48,2800@160.75,700@159.98
1400@159.48,2800@160.75,2500@160.39
1400@159.71,2800@160.75,2500@160.39
1400@159.71,600@159.68,2500@160.39
3000@161.23,600@159.68,2500@160.39
3000@161.23,4600@161.76,2500@160.39
3000@161.23,2200@162.87,2500@160.39
4600@163.44,2200@162.87,2500@160.39
3000@163.95,2200@162.87,2500@160.39
3000@163.95,1900@165.29,2500@160.39
2000@164.56,1900@165.29,2500@160.39
3500@166.17,1900@165.29,2500@160.39
4900@166.59,1900@165.29,2500@160.39
4900@166.59,4600@167.65,2500@160.39
4900@166.59,4600@167.65,2900@168.24
1100@168.49,4600@167.65,2900@168.24
4000@168.34,4600@167.65,2900@168.24
3000@168.39,4600@167.65,2900@168.24
3000@168.39,1200@168.65,2900@168.24
3100@168.57,1200@168.65,2900@168.24
1200@167.58,1200@168.65,2900@168.24
1200@167.58,1200@168.65,3300@167.16
5000@168.39,1200@168.65,3300@167.16
5000@168.39,2000@169.06,3300@167.16
5000@168.39,2000@169.06,1100@169.06
5000@168.39,1600@168.72,1100@169.06
600@168.3,1600@168.72,1100@169.06
600@168.3,1600@168.72,4000@169.22
600@168.3,3400@171.17,4000@169.22
600@171.03,3400@171.17,4000@169.22
600@171.03,5000@172.62,4000@169.22
2900@173.58,5000@172.62,4000@169.22
4900@173.19,5000@172.62,4000@169.22
4900@173.19,3300@173.92,4000@169.22
2500@174.41,3300@173.92,4000@169.22
2500@174.41,1500@174.41,4000@169.22
2500@175.95,1500@174.41,4000@169.22
300@176.59,1500@174.41,4000@169.22
2900@176,1500@174.41,4000@169.22
2900@176,4500@174.07,4000@169.22
2900@176,4500@174.07,4900@174.02
1900@174.75,4500@174.07,4900@174.02
1900@174.75,4500@174.07,4600@175.57
3300@174.57,4500@174.07,4600@175.57
2900@174.13,4500@174.07,4600@175.57
2900@174.13,1700@173.25,4600@175.57
2900@174.13,1700@173.25,2100@173.38
2900@174.13,1700@173.25,1000@174.04
3500@173.39,1700@173.25,1000@174.04
3500@173.39,1700@173.25,700@173.87
3500@173.39,3000@173.72,700@173.87
3500@173.39,2800@174.07,700@173.87
2000@174.77,2800@174.07,700@173.87
4100@173.45,2800@174.07,700@173.87
3800@173.81,2800@174.07,700@173.87
5000@173.43,2800@174.07,700@173.87
5000@173.43,200@173.05,700@173.87
5000@173.43,4500@173.44,700@173.87
400@173.09,4500@173.44,700@173.87
1000@172.82,4500@173.44,700@173.87
2500@172.54,4500@173.44,700@173.87
2500@172.54,1600@173.45,700@173.87
500@175.29,1600@173.45,700@173.87
3300@175.98,1600@173.45,700@173.87
3300@175.98,1600@173.45,5000@175.72
3300@175.98,4800@176.4,5000@175.72
3300@175.98,4100@176.68,5000@175.72
3300@175.98,700@175.91,5000@175.72
4200@176.19,700@175.91,5000@175.72
2400@175.52,700@175.91,5000@175.72
400@176.75,700@175.91,5000@175.72
1500@176.63,700@175.91,5000@175.72
1800@177.03,700@175.91,5000@175.72
1300@178.01,700@175.91,5000@175.72
1300@178.01,2000@179.9,5000@175.72
1100@180.51,2000@179.9,5000@175.72
3200@180.04,2000@179.9,5000@175.72
4300@180.35,2000@179.9,5000@175.72
4300@180.35,3500@180.28,5000@175.72
400@179.41,3500@180.28,5000@175.72
400@179.41,2100@179.49,5000@175.72
400@179.41,2800@179.28,5000@175.72
400@179.41,2800@179.28,3300@180.24
2800@180.46,2800@179.28,3300@180.24
2800@180.46,500@183.07,3300@180.24
2800@180.46,500@183.07,2100@182.82
1300@182.07,500@183.07,2100@182.82
1300@182.07,500@183.07,3100@182.08
1300@182.07,1600@181.65,3100@182.08
2400@182.53,1600@181.65,3100@182.08
2400@182.53,1500@181.73,3100@182.08
2400@182.53,1500@181.73,2400@182.34
3100@182.64,1500@181.73,2400@182.34
2500@182.25,1500@181.73,2400@182.34
2500@182.25,4200@180.78,2400@182.34
3300@180.14,4200@180.78,2400@182.34
900@179.16,4200@180.78,2400@182.34
900@179.16,1000@177.55,2400@182.34
1500@177.62,1000@177.55,2400@182.34
2100@178.1,1000@177.55,2400@182.34
2100@178.1,1000@177.55,4500@179.78
1300@178.88,1000@177.55,4500@179.78
1300@178.88,1000@177.55,200@176.47
1300@178.88,900@176.96,200@176.47
2500@177.61,900@176.96,200@176.47
2900@177.61,900@176.96,200@176.47
2900@177.61,900@176.96,4900@178.55
2900@177.61,2900@177.12,4900@178.55
2900@177.61,2900@177.12,1700@178
1200@180.23,2900@177.12,1700@178
1200@180.23,1400@180.46,1700@178
1200@180.23,1400@180.46,4600@180.81
1200@180.23,1400@180.46,1300@179.5
1700@179.57,1400@180.46,1300@179.5
3800@179.31,1400@180.46,1300@179.5
3800@179.31,2100@179.2,1300@179.5
4300@178.63,2100@179.2,1300@179.5
1700@177.9,2100@179.2,1300@179.5
1700@177.9,2100@179.2,600@178.56
1700@177.9,2100@179.2,3700@178.04
3100@177.43,2100@179.2,3700@178.04
3100@177.43,4000@176.57,3700@178.04
3100@177.43,4500@176.34,3700@178.04
3100@177.43,4500@176.34,2100@176.47
100@175.6,4500@176.34,2100@176.47
100@175.6,2000@174.81,2100@176.47
100@175.6,100@174.12,2100@176.47
3700@174.45,100@174.12,2100@176.47
1800@174.81,100@174.12,2100@176.47
1900@173.95,100@174.12,2100@176.47
1300@173.54,100@174.12,2100@176.47
1300@173.21,100@174.12,2100@176.47
1900@172.22,100@174.12,2100@176.47
1100@171.86,100@174.12,2100@176.47
3200@171.23,100@174.12,2100@176.47
2800@170.23,100@174.12,2100@176.47
4800@169.37,100@174.12,2100@176.47
200@170.13,100@174.12,2100@176.47
1800@170.13,100@174.12,2100@176.47
1800@170,100@174.12,2100@176.47
3200@169.78,100@174.12,2100@176.47
3200@169.78,100@174.12,3100@169.97
3200@169.78,2500@171.66,3100@169.97
3200@169.78,2300@171.26,3100@169.97
3000@172.03,2300@171.26,3100@169.97
1300@172.94,2300@171.26,3100@169.97
1300@172.94,1500@174.15,3100@169.97
1300@172.94,3500@174.28,3100@169.97
1000@174.26,3500@174.28,3100@169.97
4100@174.57,3500@174.28,3100@169.97
2500@175.05,3500@174.28,3100@169.97
4200@175.17,3500@174.28,3100@169.97
200@174.98,3500@174.28,3100@169.97
200@174.98,1200@173.6,3100@169.97
900@172.55,1200@173.6,3100@169.97
3200@171.97,1200@173.6,3100@169.97
3200@171.97,200@171.04,3100@169.97
1500@170.26,200@171.04,3100@169.97
1500@170.26,200@171.04,3900@170.71
900@169.28,200@171.04,3900@170.71
4700@167.34,200@171.04,3900@170.71
4700@167.34,1000@167.59,3900@170.71
3400@167.97,1000@167.59,3900@170.71
3400@167.97,3000@167.34,3900@170.71
3400@167.97,300@166.71,3900@170.71
3400@167.97,3100@167.66,3900@170.71
3400@167.97,3200@167.45,3900@170.71
3400@167.97,2000@167.52,3900@170.71
4800@167.58,2000@167.52,3900@170.71
4800@167.58,2900@167.01,3900@170.71
4800@167.58,3000@167.49,3900@170.71
300@167.24,3000@167.49,3900@170.71
3200@167.47,3000@167.49,3900@170.71
3500@167.57,3000@167.49,3900@170.71
3600@168.14,3000@167.49,3900@170.71
3500@168.74,3000@167.49,3900@170.71
3500@168.74,4300@167.89,3900@170.71
3500@168.74,4300@167.89,1600@166.65
3500@168.74,1700@165.38,1600@166.65
1000@163.41,1700@165.38,1600@166.65
400@163.95,1700@165.38,1600@166.65
3400@165.54,1700@165.38,1600@166.65
3400@165.54,4300@166.44,1600@166.65
4000@167.43,4300@166.44,1600@166.65
4000@167.43,4600@166.73,1600@166.65
1300@166.52,4600@166.73,1600@166.65
2400@169.2,4600@166.73,1600@166.65
2400@169.2,3600@168.82,1600@166.65
1900@168.69,3600@168.82,1600@166.65
3100@167.88,3600@168.82,1600@166.65
3100@167.88,600@169.03,1600@166.65
3100@167.88,200@169.12,1600@166.65
3100@167.88,1600@169.21,1600@166.65
2600@168.52,1600@169.21,1600@166.65
3900@168.3,1600@169.21,1600@166.65
4600@167.98,1600@169.21,1600@166.65
1500@167.62,1600@169.21,1600@166.65
1900@167.23,1600@169.21,1600@166.65
100@166.38,1600@169.21,1600@166.65
4700@165.4,1600@169.21,1600@166.65
3300@165.22,1600@169.21,1600@166.65
800@164.4,1600@169.21,1600@166.65
800@164.4,1600@169.21,2700@163.43
800@164.4,3800@161.84,2700@163.43
2800@162.54,3800@161.84,2700@163.43
800@162.49,3800@161.84,2700@163.43
3200@162.25,3800@161.84,2700@163.43
2600@162.37,3800@161.84,2700@163.43
4500@161.07,3800@161.84,2700@163.43
2800@161.98,3800@161.84,2700@163.43
2800@161.98,3800@161.84,4200@163.78
1200@164.07,3800@161.84,4200@163.78
1200@164.07,4900@164.89,4200@163.78
2500@165.09,4900@164.89,4200@163.78
5000@165.71,4900@164.89,4200@163.78
3400@165.23,4900@164.89,4200@163.78
3400@165.23,4900@164.89,3500@165.58
3400@165.23,4900@164.89,600@166.37
3400@165.23,4900@164.89,4700@167.5
3400@165.23,4900@164.89,1500@168.26
3400@165.23,600@168,1500@168.26
3400@167.83,600@168,1500@168.26
3200@167.41,600@168,1500@168.26
3200@167.41,3400@168.21,1500@168.26
3200@167.41,3400@168.21,1700@168.3
3200@167.41,3400@168.21,4400@167.95
1800@169.59,3400@168.21,4400@167.95
1800@169.59,1100@169.11,4400@167.95
2100@168.73,1100@169.11,4400@167.95
2100@168.73,1100@169.11,3500@169.65
2100@168.73,2800@168.55,3500@169.65
4900@168.41,2800@168.55,3500@169.65
1700@167.84,2800@168.55,3500@169.65
1700@167.84,2800@168.55,2700@168.78
1700@167.84,2800@168.55,4100@168.63
600@167.59,2800@168.55,4100@168.63
3700@167.47,2800@168.55,4100@168.63
3700@167.47,4900@167.22,4100@168.63
3600@166.48,4900@167.22,4100@168.63
3600@166.48,1100@166.05,4100@168.63
3600@166.48,1100@166.05,3400@167.64
3700@168.16,1100@166.05,3400@167.64
1600@169.67,1100@166.05,3400@167.64
4000@169.19,1100@166.05,3400@167.64
4000@169.19,1100@166.05,800@169.23
4000@169.19,1100@166.05,2800@170.19
2500@170.09,1100@166.05,2800@170.19
3200@169.17,1100@166.05,2800@170.19
3200@169.17,1100@166.05,1300@169.76
3500@170.84,1100@166.05,1300@169.76
5000@171.06,1100@166.05,1300@169.76
5000@171.06,3800@171.38,1300@169.76
5000@171.06,1500@171.73,1300@169.76
200@171.89,1500@171.73,1300@169.76
200@171.89,3500@171.43,1300@169.76
200@171.89,4900@172.84,1300@169.76
4900@172.33,4900@172.84,1300@169.76
4900@172.33,4900@172.84,4500@172.66
4900@172.33,4500@172.82,4500@172.66
2000@171.99,4500@172.82,4500@172.66
2000@171.99,1500@171.35,4500@172.66
3400@171.72,1500@171.35,4500@172.66
2500@172.06,1500@171.35,4500@172.66
2500@172.06,700@170.83,4500@172.66
2500@172.06,2400@170.2,4500@172.66
600@172.44,2400@170.2,4500@172.66
600@172.44,1100@172.76,4500@172.66
4600@172.79,1100@172.76,4500@172.66
5000@173.13,1100@172.76,4500@172.66
3000@173.1,1100@172.76,4500@172.66
2900@171.9,1100@172.76,4500@172.66
2900@171.9,1100@172.76,3200@171.36
4300@170.44,1100@172.76,3200@171.36
4300@170.44,4100@169.68,3200@171.36
600@169.25,4100@169.68,3200@171.36
1500@168.32,4100@169.68,3200@171.36
3100@167.4,4100@169.68,3200@171.36
3100@167.4,4100@169.68,4900@166.93
2000@167.08,4100@169.68,4900@166.93
2000@167.08,4500@168.73,4900@166.93
4200@169.67,4500@168.73,4900@166.93
200@169.04,4500@168.73,4900@166.93
1700@168.06,4500@168.73,4900@166.93
2800@168.44,4500@168.73,4900@166.93
2800@168.44,1400@168.32,4900@166.93
2800@168.44,1400@168.32,2300@168.76
2500@168.5,1400@168.32,2300@168.76
2400@167.64,1400@168.32,2300@168.76
2400@167.64,1400@168.32,1000@167.23
1500@166.38,1400@168.32,1000@167.23
1500@166.38,4700@166.33,1000@167.23
3700@166.79,4700@166.33,1000@167.23
3700@166.79,2900@166.89,1000@167.23
3700@166.79,2900@166.89,3200@166.51
4700@168.04,2900@166.89,3200@166.51
4700@168.04,4700@167.24,3200@166.51
4500@168.29,4700@167.24,3200@166.51
4500@168.29,4700@167.24,3500@169.5
4500@168.29,2700@167.85,3500@169.5
4600@166.97,2700@167.85,3500@169.5
3200@168.62,2700@167.85,3500@169.5
3600@168.08,2700@167.85,3500@169.5
3600@168.08,2600@167.92,3500@169.5
2600@167.51,2600@167.92,3500@169.5
100@167.66,2600@167.92,3500@169.5
3800@168.03,2600@167.92,3500@169.5
3800@168.03,3700@167.54,3500@169.5
2000@166.57,3700@167.54,3500@169.5
4700@167.37,3700@167.54,3500@169.5
200@168.17,3700@167.54,3500@169.5
3300@166.58,3700@167.54,3500@169.5
3300@166.58,4100@167.76,3500@169.5
3300@166.58,4900@168.15,3500@169.5
3300@166.58,4800@168.4,3500@169.5
4100@168.9,4800@168.4,3500@169.5
3100@168.25,4800@168.4,3500@169.5
1000@168.49,4800@168.4,3500@169.5
1000@168.49,2900@169.14,3500@169.5
1000@168.49,3900@170.08,3500@169.5
1300@169.42,3900@170.08,3500@169.5
1300@169.42,2100@169.41,3500@169.5
1300@169.42,3700@169.05,3500@169.5
1300@169.42,3700@169.05,1100@169.19
1300@169.42,3000@168.72,1100@169.19
500@168.78,3000@168.72,1100@169.19
